seconds,controller,scope,rough_n,rough_one,rough_six,rough_falls,rough_lanes,rough_world,flat_n,flat_falls,flat_lanes,flat_speed_m_s,rough_return_mean,rough_return_population_std
16,v5,pooled_maps,300,260,132,26,1,0,50,2,0,9.66025810008941,45.01493893197427,19.00583732184454
16,v5,131,150,132,67,10,1,0,25,1,0,9.599975454716743,,
16,v5,132,150,128,65,16,0,0,25,1,0,9.720540745462078,,
16,v16_control,pooled_maps,300,269,169,28,3,0,50,0,0,11.468403644561768,50.175375988706946,19.106249611379873
16,v16_control,131,150,132,90,16,2,0,25,0,0,11.354251441955567,,
16,v16_control,132,150,137,79,12,1,0,25,0,0,11.582555847167969,,
16,history_control,pooled_maps,300,272,172,26,2,0,50,2,0,9.66025810008941,49.489821984879676,19.31155970198109
16,history_control,131,150,139,88,10,1,0,25,1,0,9.599975454716743,,
16,history_control,132,150,133,84,16,1,0,25,1,0,9.720540745462078,,
16,high53,pooled_maps,300,272,157,23,5,0,50,0,0,11.22428493499756,49.21596985814472,18.6083756576439
16,high53,131,150,134,80,13,3,0,25,0,0,11.170619697570801,,
16,high53,132,150,138,77,10,2,0,25,0,0,11.277950172424317,,
16,history_high53,pooled_maps,300,280,172,16,4,0,50,2,0,9.66025810008941,49.97016107808798,18.474889339801784
16,history_high53,131,150,142,89,6,2,0,25,1,0,9.599975454716743,,
16,history_high53,132,150,138,83,10,2,0,25,1,0,9.720540745462078,,
16,control61,pooled_maps,300,272,161,18,10,0,50,1,0,10.92850220799446,49.98936332975825,18.438878851009207
16,control61,131,150,141,88,6,3,0,25,1,0,10.823354551792145,,
16,control61,132,150,131,73,12,7,0,25,0,0,11.033649864196777,,
16,recovery61,pooled_maps,300,275,156,19,6,0,50,1,0,11.134396598033415,48.841302869630354,18.251785976636146
16,recovery61,131,150,136,79,11,3,0,25,1,0,11.037940878256773,,
16,recovery61,132,150,139,77,8,3,0,25,0,0,11.230852317810058,,
16,combined61,pooled_maps,300,277,161,18,5,0,50,0,0,10.952156848907471,49.023602760086455,18.499255336147222
16,combined61,131,150,144,85,4,2,0,25,0,0,10.8280029296875,,
16,combined61,132,150,133,76,14,3,0,25,0,0,11.076310768127442,,
16,control62,pooled_maps,300,267,144,27,6,0,50,0,0,11.140472831726074,46.28103524806599,18.28568198862316
16,control62,131,150,133,75,13,4,0,25,0,0,11.04908088684082,,
16,control62,132,150,134,69,14,2,0,25,0,0,11.231864776611328,,
16,recovery62,pooled_maps,300,281,165,18,1,0,50,2,0,10.71184366764843,49.04682703553389,18.915022997594317
16,recovery62,131,150,140,85,10,0,0,25,1,0,10.40985845702035,,
16,recovery62,132,150,141,80,8,1,0,25,1,0,11.013828878276515,,
16,combined62,pooled_maps,300,269,162,23,8,0,50,0,0,11.320577373504639,49.82275404253974,19.11090587266456
16,combined62,131,150,135,80,9,6,0,25,0,0,11.246746215820313,,
16,combined62,132,150,134,82,14,2,0,25,0,0,11.394408531188965,,
16,control63,pooled_maps,300,279,155,18,2,0,50,2,0,11.264324704392179,48.16319213154415,17.547555223351313
16,control63,131,150,140,78,9,1,0,25,2,0,10.983715326753108,,
16,control63,132,150,139,77,9,1,0,25,0,0,11.54493408203125,,
16,recovery63,pooled_maps,300,271,164,21,8,0,50,1,0,10.670043932059231,49.98404843824605,19.14302833337677
16,recovery63,131,150,136,86,11,3,0,25,1,0,10.54324082584942,,
16,recovery63,132,150,135,78,10,5,0,25,0,0,10.796847038269043,,
16,combined63,pooled_maps,300,273,166,21,7,0,50,0,0,11.30192684173584,49.57378832552892,18.60279150453602
16,combined63,131,150,137,86,10,3,0,25,0,0,11.193470573425293,,
16,combined63,132,150,136,80,11,4,0,25,0,0,11.410383110046388,,
16,history_control61,pooled_maps,300,282,177,16,1,0,50,2,0,9.66025810008941,50.22165557316194,19.057682432962814
16,history_control61,131,150,142,87,6,1,0,25,1,0,9.599975454716743,,
16,history_control61,132,150,140,90,10,0,0,25,1,0,9.720540745462078,,
16,history_recovery61,pooled_maps,300,272,167,24,4,0,50,2,0,9.66025810008941,49.853623979203405,18.927732962002256
16,history_recovery61,131,150,137,89,12,1,0,25,1,0,9.599975454716743,,
16,history_recovery61,132,150,135,78,12,3,0,25,1,0,9.720540745462078,,
16,history_combined61,pooled_maps,300,271,170,23,6,0,50,2,0,9.66025810008941,49.54576422146211,18.92838370509705
16,history_combined61,131,150,135,92,11,4,0,25,1,0,9.599975454716743,,
16,history_combined61,132,150,136,78,12,2,0,25,1,0,9.720540745462078,,
16,history_control62,pooled_maps,300,279,166,19,2,0,50,2,0,9.66025810008941,49.065652859322725,18.863331544879077
16,history_control62,131,150,142,84,7,1,0,25,1,0,9.599975454716743,,
16,history_control62,132,150,137,82,12,1,0,25,1,0,9.720540745462078,,
16,history_recovery62,pooled_maps,300,275,165,22,3,0,50,2,0,9.66025810008941,49.7708295402055,18.569072495242597
16,history_recovery62,131,150,136,85,11,3,0,25,1,0,9.599975454716743,,
16,history_recovery62,132,150,139,80,11,0,0,25,1,0,9.720540745462078,,
16,history_combined62,pooled_maps,300,270,171,24,5,0,50,2,0,9.66025810008941,50.238101262363294,19.081802708133228
16,history_combined62,131,150,133,87,12,4,0,25,1,0,9.599975454716743,,
16,history_combined62,132,150,137,84,12,1,0,25,1,0,9.720540745462078,,
16,history_control63,pooled_maps,300,276,166,20,3,0,50,2,0,9.66025810008941,48.954904248031475,18.949579247606373
16,history_control63,131,150,143,87,6,1,0,25,1,0,9.599975454716743,,
16,history_control63,132,150,133,79,14,2,0,25,1,0,9.720540745462078,,
16,history_recovery63,pooled_maps,300,279,166,17,3,0,50,2,0,9.66025810008941,49.876586291901766,18.1427602331256
16,history_recovery63,131,150,138,86,9,2,0,25,1,0,9.599975454716743,,
16,history_recovery63,132,150,141,80,8,1,0,25,1,0,9.720540745462078,,
16,history_combined63,pooled_maps,300,269,165,28,3,0,50,2,0,9.66025810008941,49.803691397619744,18.663603575825995
16,history_combined63,131,150,135,84,13,2,0,25,1,0,9.599975454716743,,
16,history_combined63,132,150,134,81,15,1,0,25,1,0,9.720540745462078,,
64,v5,pooled_maps,300,235,223,56,8,0,50,5,0,10.681366479853018,175.7520939804241,86.26433615208181
64,v5,131,150,120,116,24,4,0,25,2,0,10.582366983326828,,
64,v5,132,150,115,107,32,4,0,25,3,0,10.780365976379208,,
64,v16_control,pooled_maps,300,220,219,70,12,0,50,5,0,13.17133974895297,189.61020492754878,90.42236965592414
64,v16_control,131,150,109,109,36,7,0,25,3,0,13.150494125663124,,
64,v16_control,132,150,111,110,34,5,0,25,2,0,13.192185372242816,,
64,history_control,pooled_maps,300,231,230,58,16,0,50,5,0,10.681366479853018,192.2037956946219,87.38713516968514
64,history_control,131,150,120,120,24,8,0,25,2,0,10.582366983326828,,
64,history_control,132,150,111,110,34,8,0,25,3,0,10.780365976379208,,
64,high53,pooled_maps,300,206,205,65,32,0,50,1,0,12.809364820204259,188.76877795693775,84.92378201459023
64,high53,131,150,101,100,33,17,0,25,1,0,12.829259044095041,,
64,high53,132,150,105,105,32,15,0,25,0,0,12.789470596313476,,
64,history_high53,pooled_maps,300,233,233,55,14,0,50,5,0,10.681366479853018,195.04058184396476,82.7030299305131
64,history_high53,131,150,118,118,26,7,0,25,2,0,10.582366983326828,,
64,history_high53,132,150,115,115,29,7,0,25,3,0,10.780365976379208,,
64,control61,pooled_maps,300,213,213,51,38,0,50,4,0,12.350240983127419,195.01674245948593,84.91079334830789
64,control61,131,150,108,108,26,17,0,25,3,0,12.523080698101936,,
64,control61,132,150,105,105,25,21,0,25,1,0,12.1774012681529,,
64,recovery61,pooled_maps,300,227,225,50,26,0,50,2,0,12.71176549599916,194.55221875142306,83.81765180271726
64,recovery61,131,150,115,115,26,12,0,25,1,0,12.660902113303159,,
64,recovery61,132,150,112,110,24,14,0,25,1,0,12.762628878695159,,
64,combined61,pooled_maps,300,216,213,51,38,0,50,0,0,12.521789417266845,193.31128291552267,85.02958801241415
64,combined61,131,150,117,115,20,15,0,25,0,0,12.482235260009766,,
64,combined61,132,150,99,98,31,23,0,25,0,0,12.561343574523926,,
64,control62,pooled_maps,300,233,232,52,18,0,50,3,0,12.834279783683078,182.37376454475026,83.88692720420117
64,control62,131,150,116,115,25,11,0,25,1,0,12.851805485336909,,
64,control62,132,150,117,117,27,7,0,25,2,0,12.816754082029247,,
64,recovery62,pooled_maps,300,226,225,50,27,0,50,3,0,12.254225482325829,192.94564570326358,83.50787973734201
64,recovery62,131,150,118,117,27,6,0,25,2,0,12.106666306345847,,
64,recovery62,132,150,108,108,23,21,0,25,1,0,12.401784658305813,,
64,combined62,pooled_maps,300,226,225,51,24,0,50,0,0,12.939943523406983,196.352176783476,87.38896279378
64,combined62,131,150,113,113,23,14,0,25,0,0,12.927194213867187,,
64,combined62,132,150,113,112,28,10,0,25,0,0,12.952692832946777,,
64,control63,pooled_maps,300,227,227,59,16,0,50,3,0,12.933104434486205,187.03853918316463,80.72413665650707
64,control63,131,150,114,114,31,6,0,25,3,0,12.52657546137964,,
64,control63,132,150,113,113,28,10,0,25,0,0,13.339633407592773,,
64,recovery63,pooled_maps,300,217,217,56,29,0,50,5,0,12.119191937350484,195.90239348905783,87.98693841980881
64,recovery63,131,150,110,110,27,15,0,25,3,0,11.953248761564428,,
64,recovery63,132,150,107,107,29,14,0,25,2,0,12.285135113136539,,
64,combined63,pooled_maps,300,213,212,57,32,0,50,2,0,12.659279688570228,192.08624425941767,85.1860848016282
64,combined63,131,150,107,107,28,16,0,25,1,0,12.647286793444694,,
64,combined63,132,150,106,105,29,16,0,25,1,0,12.671272583695766,,
64,history_control61,pooled_maps,300,241,238,43,17,0,50,5,0,10.681366479853018,197.32349564642956,83.2654625033439
64,history_control61,131,150,123,121,20,7,0,25,2,0,10.582366983326828,,
64,history_control61,132,150,118,117,23,10,0,25,3,0,10.780365976379208,,
64,history_recovery61,pooled_maps,300,238,235,49,13,0,50,5,0,10.681366479853018,194.35671592961998,85.77642784159114
64,history_recovery61,131,150,123,122,23,4,0,25,2,0,10.582366983326828,,
64,history_recovery61,132,150,115,113,26,9,0,25,3,0,10.780365976379208,,
64,history_combined61,pooled_maps,300,219,219,62,23,0,50,5,0,10.681366479853018,190.60078134945283,87.08629541653438
64,history_combined61,131,150,107,107,31,14,0,25,2,0,10.582366983326828,,
64,history_combined61,132,150,112,112,31,9,0,25,3,0,10.780365976379208,,
64,history_control62,pooled_maps,300,237,237,55,9,0,50,5,0,10.681366479853018,189.0774106320863,84.67718681161506
64,history_control62,131,150,118,118,28,4,0,25,2,0,10.582366983326828,,
64,history_control62,132,150,119,119,27,5,0,25,3,0,10.780365976379208,,
64,history_recovery62,pooled_maps,300,229,229,61,10,0,50,5,0,10.681366479853018,192.53796731562664,84.53952011600634
64,history_recovery62,131,150,114,114,31,5,0,25,2,0,10.582366983326828,,
64,history_recovery62,132,150,115,115,30,5,0,25,3,0,10.780365976379208,,
64,history_combined62,pooled_maps,300,237,235,45,18,0,50,5,0,10.681366479853018,195.6452511812374,86.35578094678993
64,history_combined62,131,150,118,117,21,11,0,25,2,0,10.582366983326828,,
64,history_combined62,132,150,119,118,24,7,0,25,3,0,10.780365976379208,,
64,history_control63,pooled_maps,300,239,235,53,10,0,50,5,0,10.681366479853018,190.4898504631842,84.05703973781247
64,history_control63,131,150,125,123,21,5,0,25,2,0,10.582366983326828,,
64,history_control63,132,150,114,112,32,5,0,25,3,0,10.780365976379208,,
64,history_recovery63,pooled_maps,300,233,231,56,13,0,50,5,0,10.681366479853018,195.01078590165824,83.33639528544397
64,history_recovery63,131,150,112,111,31,8,0,25,2,0,10.582366983326828,,
64,history_recovery63,132,150,121,120,25,5,0,25,3,0,10.780365976379208,,
64,history_combined63,pooled_maps,300,218,218,71,14,0,50,5,0,10.681366479853018,188.18710961750398,87.22726195948943
64,history_combined63,131,150,108,108,35,9,0,25,2,0,10.582366983326828,,
64,history_combined63,132,150,110,110,36,5,0,25,3,0,10.780365976379208,,
