seconds,controller,family,episodes,one,six,fall,lane,world,mean_speed_m_s
16,v5,flat,50,48,48,2,0,0,9.66025810008941
16,v5,obstacles,50,47,25,3,0,0,3.3351093831198257
16,v5,rough,50,47,37,2,1,0,3.7112339496204334
16,v5,slope,50,48,24,2,0,0,3.3401198503287914
16,v5,stairs,50,46,15,4,0,0,2.8436416575886394
16,v5,stepping_stones,50,31,0,6,0,0,1.6232310140216546
16,v5,waves,50,41,31,9,0,0,3.4486204613696323
16,v16_control,flat,50,50,50,0,0,0,11.468403644561768
16,v16_control,obstacles,50,46,31,3,1,0,3.5739085139435347
16,v16_control,rough,50,47,42,3,0,0,4.028398768653071
16,v16_control,slope,50,43,27,7,0,0,3.6196101475261404
16,v16_control,stairs,50,47,21,3,0,0,3.2698552771925993
16,v16_control,stepping_stones,50,42,8,6,2,0,2.0987230993832444
16,v16_control,waves,50,44,40,6,0,0,3.79302478527349
16,history_control,flat,50,48,48,2,0,0,9.66025810008941
16,history_control,obstacles,50,47,34,3,0,0,3.5240432758448335
16,history_control,rough,50,47,43,2,1,0,3.887298084165148
16,history_control,slope,50,47,28,3,0,0,3.605537430870971
16,history_control,stairs,50,44,21,6,0,0,3.2086640547946415
16,history_control,stepping_stones,50,42,8,7,1,0,1.9943407338947714
16,history_control,waves,50,45,38,5,0,0,3.711945552187103
16,high53,flat,50,50,50,0,0,0,11.22428493499756
16,high53,obstacles,50,46,29,4,0,0,3.482812957802898
16,high53,rough,50,42,37,4,4,0,3.9340728137039456
16,high53,slope,50,47,26,3,0,0,3.370486082853325
16,high53,stairs,50,48,21,2,0,0,3.169709317852476
16,high53,stepping_stones,50,44,6,5,1,0,2.0688714695386925
16,high53,waves,50,45,38,5,0,0,3.666092025863687
16,history_high53,flat,50,48,48,2,0,0,9.66025810008941
16,history_high53,obstacles,50,48,30,1,1,0,3.533915500640869
16,history_high53,rough,50,48,44,1,1,0,3.9102498891876962
16,history_high53,slope,50,48,28,2,0,0,3.5287821408864612
16,history_high53,stairs,50,49,22,1,0,0,3.163270745277405
16,history_high53,stepping_stones,50,43,9,5,2,0,1.9650583869917062
16,history_high53,waves,50,44,39,6,0,0,3.6846245621163236
16,control61,flat,50,49,49,1,0,0,10.92850220799446
16,control61,obstacles,50,42,29,4,4,0,3.56468375806199
16,control61,rough,50,43,39,4,3,0,3.9536505675240234
16,control61,slope,50,48,26,2,0,0,3.4993390368192627
16,control61,stairs,50,49,20,1,0,0,3.195172713750816
16,control61,stepping_stones,50,44,6,3,3,0,2.0403251977688894
16,control61,waves,50,46,41,4,0,0,3.761144711547705
16,recovery61,flat,50,49,49,1,0,0,11.134396598033415
16,recovery61,obstacles,50,46,28,3,1,0,3.387677405615051
16,recovery61,rough,50,44,39,3,3,0,3.913595435923587
16,recovery61,slope,50,48,27,2,0,0,3.466838607086734
16,recovery61,stairs,50,49,21,1,0,0,3.094925369805303
16,recovery61,stepping_stones,50,45,5,3,2,0,1.9826729502693083
16,recovery61,waves,50,43,36,7,0,0,3.6638972046571627
16,combined61,flat,50,50,50,0,0,0,10.952156848907471
16,combined61,obstacles,50,43,28,5,2,0,3.4279973051061057
16,combined61,rough,50,46,45,2,2,0,3.926120456243762
16,combined61,slope,50,46,21,4,0,0,3.404047946870538
16,combined61,stairs,50,47,22,2,1,0,3.14532171462346
16,combined61,stepping_stones,50,48,6,2,0,0,2.0357246137721536
16,combined61,waves,50,47,39,3,0,0,3.723445131834163
16,control62,flat,50,50,50,0,0,0,11.140472831726074
16,control62,obstacles,50,45,25,3,2,0,3.2665998115787254
16,control62,rough,50,45,37,4,1,0,3.652039581525776
16,control62,slope,50,46,23,4,0,0,3.400384767914287
16,control62,stairs,50,47,19,2,1,0,3.0439399249855397
16,control62,stepping_stones,50,43,2,5,2,0,2.055663816361278
16,control62,waves,50,41,38,9,0,0,3.593006011813399
16,recovery62,flat,50,48,48,2,0,0,10.71184366764843
16,recovery62,obstacles,50,46,32,3,1,0,3.498338058704559
16,recovery62,rough,50,48,43,2,0,0,3.913246651347722
16,recovery62,slope,50,48,27,2,0,0,3.4384140204266957
16,recovery62,stairs,50,46,20,4,0,0,3.0800460673592807
16,recovery62,stepping_stones,50,48,5,2,0,0,1.9807476186418587
16,recovery62,waves,50,45,38,5,0,0,3.6993668616257778
16,combined62,flat,50,50,50,0,0,0,11.320577373504639
16,combined62,obstacles,50,44,29,2,4,0,3.486485279083252
16,combined62,rough,50,46,42,3,1,0,3.9601170827395764
16,combined62,slope,50,46,26,3,1,0,3.6292452522693437
16,combined62,stairs,50,46,21,4,0,0,3.262223539103977
16,combined62,stepping_stones,50,44,2,5,1,0,1.9902107425479352
16,combined62,waves,50,43,42,6,1,0,3.7890394758497665
16,control63,flat,50,48,48,2,0,0,11.264324704392179
16,control63,obstacles,50,46,26,3,1,0,3.2984517758336733
16,control63,rough,50,48,42,1,1,0,3.797587660153707
16,control63,slope,50,47,25,3,0,0,3.5695586813659577
16,control63,stairs,50,49,20,1,0,0,3.0646878092629573
16,control63,stepping_stones,50,43,3,6,0,0,2.015222473478281
16,control63,waves,50,46,39,4,0,0,3.6766714005863435
16,recovery63,flat,50,49,49,1,0,0,10.670043932059231
16,recovery63,obstacles,50,45,31,4,1,0,3.5583097935034673
16,recovery63,rough,50,43,39,2,5,0,3.9659117998727935
16,recovery63,slope,50,47,27,3,0,0,3.4264576950785157
16,recovery63,stairs,50,47,20,3,0,0,3.1212108190194856
16,recovery63,stepping_stones,50,44,5,4,2,0,2.072485113761088
16,recovery63,waves,50,45,42,5,0,0,3.807631373286775
16,combined63,flat,50,50,50,0,0,0,11.30192684173584
16,combined63,obstacles,50,45,28,3,2,0,3.509948800848841
16,combined63,rough,50,45,41,2,3,0,3.9270190031648142
16,combined63,slope,50,46,26,4,0,0,3.451397149881125
16,combined63,stairs,50,48,21,2,0,0,3.1502934426677474
16,combined63,stepping_stones,50,45,10,4,2,0,2.0674313044638355
16,combined63,waves,50,44,40,6,0,0,3.7526167576761806
16,history_control61,flat,50,48,48,2,0,0,9.66025810008941
16,history_control61,obstacles,50,48,31,2,0,0,3.514185264715167
16,history_control61,rough,50,48,43,1,1,0,3.917883351139906
16,history_control61,slope,50,46,29,4,0,0,3.616670112793394
16,history_control61,stairs,50,48,20,2,0,0,3.1832240298825893
16,history_control61,stepping_stones,50,46,9,3,0,0,1.9308850195535365
16,history_control61,waves,50,46,45,4,0,0,3.737354817390442
16,history_recovery61,flat,50,48,48,2,0,0,9.66025810008941
16,history_recovery61,obstacles,50,45,28,3,2,0,3.4932564280494
16,history_recovery61,rough,50,48,46,1,1,0,3.9186237028168467
16,history_recovery61,slope,50,47,27,3,0,0,3.494549101764427
16,history_recovery61,stairs,50,49,20,1,0,0,3.1612465953826905
16,history_recovery61,stepping_stones,50,40,7,9,1,0,1.9895788468146258
16,history_recovery61,waves,50,43,39,7,0,0,3.697808599180015
16,history_combined61,flat,50,48,48,2,0,0,9.66025810008941
16,history_combined61,obstacles,50,46,30,3,1,0,3.490369032125903
16,history_combined61,rough,50,47,46,2,1,0,3.9246180209143287
16,history_combined61,slope,50,46,27,4,0,0,3.528471518153663
16,history_combined61,stairs,50,46,22,1,3,0,3.1469892978668215
16,history_combined61,stepping_stones,50,43,7,7,0,0,1.969014121782867
16,history_combined61,waves,50,43,38,6,1,0,3.728049969653694
16,history_control62,flat,50,48,48,2,0,0,9.66025810008941
16,history_control62,obstacles,50,48,28,2,0,0,3.4335271623001837
16,history_control62,rough,50,48,44,1,1,0,3.910454662136915
16,history_control62,slope,50,48,27,2,0,0,3.520630848325532
16,history_control62,stairs,50,48,23,2,0,0,3.141966556749846
16,history_control62,stepping_stones,50,44,7,5,1,0,1.9222048246657442
16,history_control62,waves,50,43,37,7,0,0,3.6477862395399168
16,history_recovery62,flat,50,48,48,2,0,0,9.66025810008941
16,history_recovery62,obstacles,50,47,31,3,0,0,3.500445992679917
16,history_recovery62,rough,50,48,43,1,1,0,3.8864066103028083
16,history_recovery62,slope,50,47,26,3,0,0,3.5714644316467186
16,history_recovery62,stairs,50,47,19,3,0,0,3.1532100071003617
16,history_recovery62,stepping_stones,50,41,7,7,2,0,2.056920226027841
16,history_recovery62,waves,50,45,39,5,0,0,3.683007784017267
16,history_combined62,flat,50,48,48,2,0,0,9.66025810008941
16,history_combined62,obstacles,50,47,32,2,1,0,3.487097424930996
16,history_combined62,rough,50,48,46,1,1,0,3.9752670410202766
16,history_combined62,slope,50,45,29,5,0,0,3.6288383081617854
16,history_combined62,stairs,50,49,22,1,0,0,3.206438126564026
16,history_combined62,stepping_stones,50,41,5,6,2,0,2.016750123380279
16,history_combined62,waves,50,40,37,9,1,0,3.7949782347642684
16,history_control63,flat,50,48,48,2,0,0,9.66025810008941
16,history_control63,obstacles,50,47,29,2,1,0,3.449843220955286
16,history_control63,rough,50,47,44,2,1,0,3.9299583850089674
16,history_control63,slope,50,48,28,2,0,0,3.5585305403343126
16,history_control63,stairs,50,48,19,2,0,0,3.1204670341665093
16,history_control63,stepping_stones,50,41,8,7,1,0,1.9925808157824847
16,history_control63,waves,50,45,38,5,0,0,3.642748414507642
16,history_recovery63,flat,50,48,48,2,0,0,9.66025810008941
16,history_recovery63,obstacles,50,44,28,4,2,0,3.49894532713731
16,history_recovery63,rough,50,47,44,2,1,0,3.8964407733708377
16,history_recovery63,slope,50,49,28,1,0,0,3.476817989349365
16,history_recovery63,stairs,50,48,20,2,0,0,3.105460142485703
16,history_recovery63,stepping_stones,50,45,5,4,0,0,1.941485161522082
16,history_recovery63,waves,50,46,41,4,0,0,3.6940736532211305
16,history_combined63,flat,50,48,48,2,0,0,9.66025810008941
16,history_combined63,obstacles,50,46,27,4,0,0,3.4567152748314443
16,history_combined63,rough,50,47,44,2,1,0,3.933846134254917
16,history_combined63,slope,50,45,25,5,0,0,3.5253781494070076
16,history_combined63,stairs,50,48,20,2,0,0,3.186203667229297
16,history_combined63,stepping_stones,50,39,8,9,2,0,2.0636906722526644
16,history_combined63,waves,50,44,41,6,0,0,3.7483623912682527
64,v5,flat,50,45,45,5,0,0,10.681366479853018
64,v5,obstacles,50,44,44,5,2,0,3.452289378524834
64,v5,rough,50,43,43,6,1,0,3.847326518307225
64,v5,slope,50,46,45,4,0,0,3.401847709970687
64,v5,stairs,50,40,40,10,0,0,2.938089608293676
64,v5,stepping_stones,50,28,17,15,5,0,1.5108680947327886
64,v5,waves,50,34,34,16,0,0,3.5400777045614102
64,v16_control,flat,50,45,45,5,0,0,13.17133974895297
64,v16_control,obstacles,50,38,38,9,3,0,3.6554290228008224
64,v16_control,rough,50,40,40,8,2,0,4.127472310182868
64,v16_control,slope,50,39,39,11,0,0,3.6791738532160845
64,v16_control,stairs,50,38,38,11,1,0,3.339508552063785
64,v16_control,stepping_stones,50,28,27,18,6,0,2.0793481796728366
64,v16_control,waves,50,37,37,13,0,0,3.879528143464288
64,history_control,flat,50,45,45,5,0,0,10.681366479853018
64,history_control,obstacles,50,41,41,8,2,0,3.6159732706071823
64,history_control,rough,50,44,44,5,1,0,3.992887190539572
64,history_control,slope,50,40,40,10,0,0,3.6843910364729466
64,history_control,stairs,50,43,43,6,1,0,3.285908284111353
64,history_control,stepping_stones,50,25,24,17,12,0,1.94233766807022
64,history_control,waves,50,38,38,12,0,0,3.7782423876173294
64,high53,flat,50,49,49,1,0,0,12.809364820204259
64,high53,obstacles,50,35,35,9,7,0,3.5746603885212216
64,high53,rough,50,27,27,9,15,0,4.030774472179262
64,high53,slope,50,36,36,13,1,0,3.4501075078443493
64,high53,stairs,50,41,41,5,5,0,3.308799608199367
64,high53,stepping_stones,50,28,27,18,4,0,2.08655014534759
64,high53,waves,50,39,39,11,0,0,3.791298300534006
64,history_high53,flat,50,45,45,5,0,0,10.681366479853018
64,history_high53,obstacles,50,39,39,7,4,0,3.600001289805716
64,history_high53,rough,50,44,44,5,1,0,4.001940282276767
64,history_high53,slope,50,42,42,8,0,0,3.612978356662195
64,history_high53,stairs,50,42,42,6,2,0,3.270377982841146
64,history_high53,stepping_stones,50,29,29,16,7,0,1.9506089466471215
64,history_high53,waves,50,37,37,13,0,0,3.7745244369288313
64,control61,flat,50,46,46,4,0,0,12.350240983127419
64,control61,obstacles,50,30,30,13,9,0,3.6502930554316184
64,control61,rough,50,27,27,8,15,0,4.0456018212401
64,control61,slope,50,41,41,9,0,0,3.597897240336995
64,control61,stairs,50,44,44,5,1,0,3.3196527627451013
64,control61,stepping_stones,50,29,29,9,12,0,2.0420594634876967
64,control61,waves,50,42,42,7,1,0,3.8847964893291373
64,recovery61,flat,50,48,48,2,0,0,12.71176549599916
64,recovery61,obstacles,50,39,39,5,6,0,3.5459189070214023
64,recovery61,rough,50,38,38,5,7,0,4.0273036216561175
64,recovery61,slope,50,43,43,7,0,0,3.6303159879358873
64,recovery61,stairs,50,46,46,3,1,0,3.2021750020508817
64,recovery61,stepping_stones,50,24,22,17,12,0,1.980108002072378
64,recovery61,waves,50,37,37,13,0,0,3.792828074708227
64,combined61,flat,50,50,50,0,0,0,12.521789417266845
64,combined61,obstacles,50,30,30,11,10,0,3.516574528851919
64,combined61,rough,50,31,31,7,14,0,4.052167810665478
64,combined61,slope,50,40,40,9,1,0,3.524103921142948
64,combined61,stairs,50,40,40,6,5,0,3.25415484426453
64,combined61,stepping_stones,50,30,27,14,7,0,1.9759665188073847
64,combined61,waves,50,45,45,4,1,0,3.885221527652608
64,control62,flat,50,47,47,3,0,0,12.834279783683078
64,control62,obstacles,50,35,35,9,7,0,3.3649875929248894
64,control62,rough,50,43,43,5,2,0,3.7534071676020915
64,control62,slope,50,42,42,8,0,0,3.5148196210310285
64,control62,stairs,50,45,45,4,1,0,3.133828110862134
64,control62,stepping_stones,50,31,30,13,8,0,2.0605331429461033
64,control62,waves,50,37,37,13,0,0,3.6452496131710204
64,recovery62,flat,50,47,47,3,0,0,12.254225482325829
64,recovery62,obstacles,50,36,36,7,8,0,3.5429379368232987
64,recovery62,rough,50,39,39,7,4,0,4.034127485630865
64,recovery62,slope,50,39,39,11,0,0,3.5254684794012308
64,recovery62,stairs,50,43,43,6,1,0,3.199086519159983
64,recovery62,stepping_stones,50,27,26,13,12,0,1.9686408456102371
64,recovery62,waves,50,42,42,6,2,0,3.762844998567256
64,combined62,flat,50,50,50,0,0,0,12.939943523406983
64,combined62,obstacles,50,37,37,7,6,0,3.603434631719166
64,combined62,rough,50,42,42,4,4,0,4.092314151437441
64,combined62,slope,50,38,38,7,5,0,3.727647885488441
64,combined62,stairs,50,41,41,9,0,0,3.34302486584585
64,combined62,stepping_stones,50,30,29,13,8,0,2.0325990743652698
64,combined62,waves,50,38,38,11,1,0,3.9049981886147584
64,control63,flat,50,47,47,3,0,0,12.933104434486205
64,control63,obstacles,50,38,38,8,4,0,3.4037173111671084
64,control63,rough,50,41,41,6,3,0,3.9119566174255764
64,control63,slope,50,36,36,13,1,0,3.6727600986658926
64,control63,stairs,50,44,44,6,0,0,3.2017064672716593
64,control63,stepping_stones,50,23,23,21,8,0,2.0460118050004006
64,control63,waves,50,45,45,5,0,0,3.7574181868911443
64,recovery63,flat,50,45,45,5,0,0,12.119191937350484
64,recovery63,obstacles,50,33,33,9,9,0,3.6461296751923107
64,recovery63,rough,50,32,32,5,13,0,4.096422685596598
64,recovery63,slope,50,42,42,8,0,0,3.536606819046848
64,recovery63,stairs,50,43,43,7,0,0,3.2123487027325965
64,recovery63,stepping_stones,50,25,25,19,7,0,2.086322076157231
64,recovery63,waves,50,42,42,8,0,0,3.9031676501050128
64,combined63,flat,50,48,48,2,0,0,12.659279688570228
64,combined63,obstacles,50,31,31,13,6,0,3.6023252360294515
64,combined63,rough,50,32,32,5,14,0,4.063425473723377
64,combined63,slope,50,40,40,9,1,0,3.5327540912686572
64,combined63,stairs,50,42,42,6,2,0,3.27172130052532
64,combined63,stepping_stones,50,33,32,12,6,0,2.0581656552035072
64,combined63,waves,50,35,35,12,3,0,3.837646337961946
64,history_control61,flat,50,45,45,5,0,0,10.681366479853018
64,history_control61,obstacles,50,45,45,2,3,0,3.6046071559276305
64,history_control61,rough,50,47,47,2,1,0,4.002472790092828
64,history_control61,slope,50,42,42,8,0,0,3.7076101419422485
64,history_control61,stairs,50,45,45,5,0,0,3.2408675997127108
64,history_control61,stepping_stones,50,24,21,15,12,0,1.8899921601867342
64,history_control61,waves,50,38,38,11,1,0,3.767953718633296
64,history_recovery61,flat,50,45,45,5,0,0,10.681366479853018
64,history_recovery61,obstacles,50,37,37,7,6,0,3.550207337079905
64,history_recovery61,rough,50,47,47,2,1,0,4.0082785495227595
64,history_recovery61,slope,50,41,41,9,0,0,3.5854219242389247
64,history_recovery61,stairs,50,44,44,5,1,0,3.247926306380832
64,history_recovery61,stepping_stones,50,34,31,12,4,0,1.9199675347059015
64,history_recovery61,waves,50,35,35,14,1,0,3.753027715485199
64,history_combined61,flat,50,45,45,5,0,0,10.681366479853018
64,history_combined61,obstacles,50,37,37,11,3,0,3.573368182400342
64,history_combined61,rough,50,44,44,5,1,0,4.008293627419717
64,history_combined61,slope,50,33,33,15,2,0,3.649439999477697
64,history_combined61,stairs,50,38,38,4,9,0,3.2537436554157306
64,history_combined61,stepping_stones,50,28,28,18,6,0,1.9320099391037038
64,history_combined61,waves,50,39,39,9,2,0,3.769882866288323
64,history_control62,flat,50,45,45,5,0,0,10.681366479853018
64,history_control62,obstacles,50,40,40,7,3,0,3.489876123968764
64,history_control62,rough,50,42,42,5,3,0,3.974483666681335
64,history_control62,slope,50,42,42,7,1,0,3.6017705050412228
64,history_control62,stairs,50,43,43,7,0,0,3.2403648480234235
64,history_control62,stepping_stones,50,33,33,16,2,0,1.8988677407391503
64,history_control62,waves,50,37,37,13,0,0,3.7102340317736826
64,history_recovery62,flat,50,45,45,5,0,0,10.681366479853018
64,history_recovery62,obstacles,50,41,41,8,1,0,3.591911424701691
64,history_recovery62,rough,50,43,43,5,2,0,3.9823263288400126
64,history_recovery62,slope,50,40,40,10,0,0,3.620260367409319
64,history_recovery62,stairs,50,40,40,9,1,0,3.2564697050640996
64,history_recovery62,stepping_stones,50,26,26,18,6,0,2.0262011627185057
64,history_recovery62,waves,50,39,39,11,0,0,3.7463866678539053
64,history_combined62,flat,50,45,45,5,0,0,10.681366479853018
64,history_combined62,obstacles,50,42,42,6,2,0,3.60055759841677
64,history_combined62,rough,50,45,45,2,3,0,4.036601808876397
64,history_combined62,slope,50,38,37,11,1,0,3.672273766466629
64,history_combined62,stairs,50,44,44,2,4,0,3.3128468840220977
64,history_combined62,stepping_stones,50,34,33,10,6,0,1.9708776513516557
64,history_combined62,waves,50,34,34,14,2,0,3.8503211007618283
64,history_control63,flat,50,45,45,5,0,0,10.681366479853018
64,history_control63,obstacles,50,39,39,8,3,0,3.5676405080898546
64,history_control63,rough,50,43,43,6,1,0,3.9695286315360754
64,history_control63,slope,50,40,40,10,0,0,3.634418620036572
64,history_control63,stairs,50,46,46,4,0,0,3.215660919236775
64,history_control63,stepping_stones,50,29,25,18,5,0,1.9455671101055665
64,history_control63,waves,50,42,42,7,1,0,3.738699084423203
64,history_recovery63,flat,50,45,45,5,0,0,10.681366479853018
64,history_recovery63,obstacles,50,36,36,11,4,0,3.621152406683313
64,history_recovery63,rough,50,45,45,4,1,0,3.9900588312147045
64,history_recovery63,slope,50,46,46,4,0,0,3.604694702844585
64,history_recovery63,stairs,50,42,42,8,0,0,3.2373784593951065
64,history_recovery63,stepping_stones,50,28,26,15,8,0,1.8492569362417726
64,history_recovery63,waves,50,36,36,14,0,0,3.768077698475688
64,history_combined63,flat,50,45,45,5,0,0,10.681366479853018
64,history_combined63,obstacles,50,36,36,8,7,0,3.6177611762055517
64,history_combined63,rough,50,43,43,6,1,0,4.009935840361656
64,history_combined63,slope,50,36,36,14,0,0,3.626113420561984
64,history_combined63,stairs,50,41,41,9,0,0,3.251751146819118
64,history_combined63,stepping_stones,50,22,22,24,6,0,2.0358219633590706
64,history_combined63,waves,50,40,40,10,0,0,3.76865213647027
