seconds,contrast,seed,scope,arm_verdict,seed_verdict,scope_verdict,failed_checks,rough_six_gain,rough_six_loss
16,recovery_vs_control,61,131,FAIL,FAIL,FAIL,rough_one_retained;rough_six_retained;rough_fall_retained;strict_rough_improvement,8,17
16,recovery_vs_control,61,132,FAIL,FAIL,PASS,,12,8
16,recovery_vs_control,61,pooled,FAIL,FAIL,FAIL,rough_six_retained;rough_fall_retained,20,25
16,recovery_vs_control,62,131,FAIL,FAIL,FAIL,flat_falls_retained;flat_speed_retained,15,5
16,recovery_vs_control,62,132,FAIL,FAIL,FAIL,flat_falls_retained;flat_speed_retained,14,3
16,recovery_vs_control,62,pooled,FAIL,FAIL,FAIL,flat_falls_retained;flat_speed_retained,29,8
16,recovery_vs_control,63,131,FAIL,FAIL,FAIL,rough_one_retained;rough_fall_retained;rough_lane_retained;flat_speed_retained,14,6
16,recovery_vs_control,63,132,FAIL,FAIL,FAIL,rough_one_retained;rough_fall_retained;rough_lane_retained;flat_speed_retained,9,8
16,recovery_vs_control,63,pooled,FAIL,FAIL,FAIL,rough_one_retained;rough_fall_retained;rough_lane_retained;flat_speed_retained,23,14
16,combined_vs_recovery,61,131,FAIL,FAIL,FAIL,flat_speed_retained,14,8
16,combined_vs_recovery,61,132,FAIL,FAIL,FAIL,rough_one_retained;rough_six_retained;rough_fall_retained;strict_rough_improvement;flat_speed_retained,13,14
16,combined_vs_recovery,61,pooled,FAIL,FAIL,FAIL,flat_speed_retained,27,22
16,combined_vs_recovery,62,131,FAIL,FAIL,FAIL,rough_one_retained;rough_six_retained;rough_lane_retained;strict_rough_improvement,8,13
16,combined_vs_recovery,62,132,FAIL,FAIL,FAIL,rough_one_retained;rough_fall_retained;rough_lane_retained,10,8
16,combined_vs_recovery,62,pooled,FAIL,FAIL,FAIL,rough_one_retained;rough_six_retained;rough_fall_retained;rough_lane_retained;strict_rough_improvement,18,21
16,combined_vs_recovery,63,131,FAIL,FAIL,PASS,,7,7
16,combined_vs_recovery,63,132,FAIL,FAIL,FAIL,rough_fall_retained,11,9
16,combined_vs_recovery,63,pooled,FAIL,FAIL,PASS,,18,16
16,combined_vs_control,61,131,FAIL,FAIL,FAIL,rough_six_retained,8,11
16,combined_vs_control,61,132,FAIL,FAIL,FAIL,rough_fall_retained,16,13
16,combined_vs_control,61,pooled,FAIL,FAIL,PASS,,24,24
16,combined_vs_control,62,131,FAIL,FAIL,FAIL,rough_lane_retained,13,8
16,combined_vs_control,62,132,FAIL,FAIL,PASS,,17,4
16,combined_vs_control,62,pooled,FAIL,FAIL,FAIL,rough_lane_retained,30,12
16,combined_vs_control,63,131,FAIL,FAIL,FAIL,rough_one_retained;rough_fall_retained;rough_lane_retained,12,4
16,combined_vs_control,63,132,FAIL,FAIL,FAIL,rough_one_retained;rough_fall_retained;rough_lane_retained;flat_speed_retained,10,7
16,combined_vs_control,63,pooled,FAIL,FAIL,FAIL,rough_one_retained;rough_fall_retained;rough_lane_retained,22,11
16,history_recovery_vs_control,61,131,FAIL,FAIL,FAIL,rough_one_retained;rough_fall_retained,9,7
16,history_recovery_vs_control,61,132,FAIL,FAIL,FAIL,rough_one_retained;rough_six_retained;rough_fall_retained;rough_lane_retained;strict_rough_improvement,3,15
16,history_recovery_vs_control,61,pooled,FAIL,FAIL,FAIL,rough_one_retained;rough_six_retained;rough_fall_retained;rough_lane_retained;strict_rough_improvement,12,22
16,history_recovery_vs_control,62,131,FAIL,FAIL,FAIL,rough_one_retained;rough_fall_retained;rough_lane_retained,8,7
16,history_recovery_vs_control,62,132,FAIL,FAIL,FAIL,rough_six_retained,4,6
16,history_recovery_vs_control,62,pooled,FAIL,FAIL,FAIL,rough_one_retained;rough_six_retained;rough_fall_retained;rough_lane_retained;strict_rough_improvement,12,13
16,history_recovery_vs_control,63,131,FAIL,FAIL,FAIL,rough_one_retained;rough_six_retained;rough_fall_retained;rough_lane_retained;strict_rough_improvement,7,8
16,history_recovery_vs_control,63,132,FAIL,FAIL,PASS,,6,5
16,history_recovery_vs_control,63,pooled,FAIL,FAIL,PASS,,13,13
16,history_combined_vs_recovery,61,131,FAIL,FAIL,FAIL,rough_one_retained;rough_lane_retained,9,6
16,history_combined_vs_recovery,61,132,FAIL,FAIL,PASS,,6,6
16,history_combined_vs_recovery,61,pooled,FAIL,FAIL,FAIL,rough_one_retained;rough_lane_retained,15,12
16,history_combined_vs_recovery,62,131,FAIL,FAIL,FAIL,rough_one_retained;rough_fall_retained;rough_lane_retained,9,7
16,history_combined_vs_recovery,62,132,FAIL,FAIL,FAIL,rough_one_retained;rough_fall_retained;rough_lane_retained,9,5
16,history_combined_vs_recovery,62,pooled,FAIL,FAIL,FAIL,rough_one_retained;rough_fall_retained;rough_lane_retained,18,12
16,history_combined_vs_recovery,63,131,FAIL,FAIL,FAIL,rough_one_retained;rough_six_retained;rough_fall_retained;strict_rough_improvement,8,10
16,history_combined_vs_recovery,63,132,FAIL,FAIL,FAIL,rough_one_retained;rough_fall_retained,6,5
16,history_combined_vs_recovery,63,pooled,FAIL,FAIL,FAIL,rough_one_retained;rough_six_retained;rough_fall_retained;strict_rough_improvement,14,15
16,history_combined_vs_control,61,131,FAIL,FAIL,FAIL,rough_one_retained;rough_fall_retained;rough_lane_retained,9,4
16,history_combined_vs_control,61,132,FAIL,FAIL,FAIL,rough_one_retained;rough_six_retained;rough_fall_retained;rough_lane_retained;strict_rough_improvement,2,14
16,history_combined_vs_control,61,pooled,FAIL,FAIL,FAIL,rough_one_retained;rough_six_retained;rough_fall_retained;rough_lane_retained;strict_rough_improvement,11,18
16,history_combined_vs_control,62,131,FAIL,FAIL,FAIL,rough_one_retained;rough_fall_retained;rough_lane_retained,10,7
16,history_combined_vs_control,62,132,FAIL,FAIL,PASS,,9,7
16,history_combined_vs_control,62,pooled,FAIL,FAIL,FAIL,rough_one_retained;rough_fall_retained;rough_lane_retained,19,14
16,history_combined_vs_control,63,131,FAIL,FAIL,FAIL,rough_one_retained;rough_six_retained;rough_fall_retained;rough_lane_retained;strict_rough_improvement,9,12
16,history_combined_vs_control,63,132,FAIL,FAIL,FAIL,rough_fall_retained,8,6
16,history_combined_vs_control,63,pooled,FAIL,FAIL,FAIL,rough_one_retained;rough_six_retained;rough_fall_retained;strict_rough_improvement,17,18
64,recovery_vs_control,61,131,FAIL,PASS,PASS,,29,22
64,recovery_vs_control,61,132,FAIL,PASS,PASS,,24,19
64,recovery_vs_control,61,pooled,FAIL,PASS,PASS,,53,41
64,recovery_vs_control,62,131,FAIL,FAIL,FAIL,rough_fall_retained;flat_falls_retained;flat_speed_retained,24,22
64,recovery_vs_control,62,132,FAIL,FAIL,FAIL,rough_one_retained;rough_six_retained;rough_lane_retained;strict_rough_improvement;flat_speed_retained,17,26
64,recovery_vs_control,62,pooled,FAIL,FAIL,FAIL,rough_one_retained;rough_six_retained;rough_lane_retained;strict_rough_improvement;flat_speed_retained,41,48
64,recovery_vs_control,63,131,FAIL,FAIL,FAIL,rough_one_retained;rough_six_retained;rough_lane_retained;strict_rough_improvement;flat_speed_retained,22,26
64,recovery_vs_control,63,132,FAIL,FAIL,FAIL,rough_one_retained;rough_six_retained;rough_fall_retained;rough_lane_retained;flat_falls_retained;strict_rough_improvement;flat_speed_retained,20,26
64,recovery_vs_control,63,pooled,FAIL,FAIL,FAIL,rough_one_retained;rough_six_retained;rough_lane_retained;flat_falls_retained;strict_rough_improvement;flat_speed_retained,42,52
64,combined_vs_recovery,61,131,FAIL,FAIL,FAIL,rough_lane_retained;flat_speed_retained,23,23
64,combined_vs_recovery,61,132,FAIL,FAIL,FAIL,rough_one_retained;rough_six_retained;rough_fall_retained;rough_lane_retained;strict_rough_improvement;flat_speed_retained,14,26
64,combined_vs_recovery,61,pooled,FAIL,FAIL,FAIL,rough_one_retained;rough_six_retained;rough_fall_retained;rough_lane_retained;strict_rough_improvement;flat_speed_retained,37,49
64,combined_vs_recovery,62,131,FAIL,FAIL,FAIL,rough_one_retained;rough_six_retained;rough_lane_retained;strict_rough_improvement,24,28
64,combined_vs_recovery,62,132,FAIL,FAIL,FAIL,rough_fall_retained,22,18
64,combined_vs_recovery,62,pooled,FAIL,FAIL,FAIL,rough_fall_retained;strict_rough_improvement,46,46
64,combined_vs_recovery,63,131,FAIL,FAIL,FAIL,rough_one_retained;rough_six_retained;rough_fall_retained;rough_lane_retained;strict_rough_improvement,23,26
64,combined_vs_recovery,63,132,FAIL,FAIL,FAIL,rough_one_retained;rough_six_retained;rough_lane_retained;strict_rough_improvement,23,25
64,combined_vs_recovery,63,pooled,FAIL,FAIL,FAIL,rough_one_retained;rough_six_retained;rough_fall_retained;rough_lane_retained;strict_rough_improvement,46,51
64,combined_vs_control,61,131,FAIL,FAIL,FAIL,flat_speed_retained,24,17
64,combined_vs_control,61,132,FAIL,FAIL,FAIL,rough_one_retained;rough_six_retained;rough_fall_retained;rough_lane_retained;strict_rough_improvement,26,33
64,combined_vs_control,61,pooled,FAIL,FAIL,PASS,,50,50
64,combined_vs_control,62,131,FAIL,FAIL,FAIL,rough_one_retained;rough_six_retained;rough_lane_retained;strict_rough_improvement,23,25
64,combined_vs_control,62,132,FAIL,FAIL,FAIL,rough_one_retained;rough_six_retained;rough_fall_retained;rough_lane_retained;strict_rough_improvement,16,21
64,combined_vs_control,62,pooled,FAIL,FAIL,FAIL,rough_one_retained;rough_six_retained;rough_lane_retained;strict_rough_improvement,39,46
64,combined_vs_control,63,131,FAIL,FAIL,FAIL,rough_one_retained;rough_six_retained;rough_lane_retained;strict_rough_improvement,19,26
64,combined_vs_control,63,132,FAIL,FAIL,FAIL,rough_one_retained;rough_six_retained;rough_fall_retained;rough_lane_retained;flat_falls_retained;strict_rough_improvement;flat_speed_retained,22,30
64,combined_vs_control,63,pooled,FAIL,FAIL,FAIL,rough_one_retained;rough_six_retained;rough_lane_retained;strict_rough_improvement;flat_speed_retained,41,56
64,history_recovery_vs_control,61,131,FAIL,FAIL,FAIL,rough_fall_retained,16,15
64,history_recovery_vs_control,61,132,FAIL,FAIL,FAIL,rough_one_retained;rough_six_retained;rough_fall_retained;strict_rough_improvement,13,17
64,history_recovery_vs_control,61,pooled,FAIL,FAIL,FAIL,rough_one_retained;rough_six_retained;rough_fall_retained;strict_rough_improvement,29,32
64,history_recovery_vs_control,62,131,FAIL,FAIL,FAIL,rough_one_retained;rough_six_retained;rough_fall_retained;rough_lane_retained;strict_rough_improvement,21,25
64,history_recovery_vs_control,62,132,FAIL,FAIL,FAIL,rough_one_retained;rough_six_retained;rough_fall_retained;strict_rough_improvement,14,18
64,history_recovery_vs_control,62,pooled,FAIL,FAIL,FAIL,rough_one_retained;rough_six_retained;rough_fall_retained;rough_lane_retained;strict_rough_improvement,35,43
64,history_recovery_vs_control,63,131,FAIL,FAIL,FAIL,rough_one_retained;rough_six_retained;rough_fall_retained;rough_lane_retained;strict_rough_improvement,7,19
64,history_recovery_vs_control,63,132,FAIL,FAIL,PASS,,20,12
64,history_recovery_vs_control,63,pooled,FAIL,FAIL,FAIL,rough_one_retained;rough_six_retained;rough_fall_retained;rough_lane_retained;strict_rough_improvement,27,31
64,history_combined_vs_recovery,61,131,FAIL,FAIL,FAIL,rough_one_retained;rough_six_retained;rough_fall_retained;rough_lane_retained;strict_rough_improvement,12,27
64,history_combined_vs_recovery,61,132,FAIL,FAIL,FAIL,rough_one_retained;rough_six_retained;rough_fall_retained;strict_rough_improvement,15,16
64,history_combined_vs_recovery,61,pooled,FAIL,FAIL,FAIL,rough_one_retained;rough_six_retained;rough_fall_retained;rough_lane_retained;strict_rough_improvement,27,43
64,history_combined_vs_recovery,62,131,FAIL,FAIL,FAIL,rough_lane_retained,20,17
64,history_combined_vs_recovery,62,132,FAIL,FAIL,FAIL,rough_lane_retained,19,16
64,history_combined_vs_recovery,62,pooled,FAIL,FAIL,FAIL,rough_lane_retained,39,33
64,history_combined_vs_recovery,63,131,FAIL,FAIL,FAIL,rough_one_retained;rough_six_retained;rough_fall_retained;rough_lane_retained;strict_rough_improvement,22,25
64,history_combined_vs_recovery,63,132,FAIL,FAIL,FAIL,rough_one_retained;rough_six_retained;rough_fall_retained;strict_rough_improvement,11,21
64,history_combined_vs_recovery,63,pooled,FAIL,FAIL,FAIL,rough_one_retained;rough_six_retained;rough_fall_retained;rough_lane_retained;strict_rough_improvement,33,46
64,history_combined_vs_control,61,131,FAIL,FAIL,FAIL,rough_one_retained;rough_six_retained;rough_fall_retained;rough_lane_retained;strict_rough_improvement,12,26
64,history_combined_vs_control,61,132,FAIL,FAIL,FAIL,rough_one_retained;rough_six_retained;rough_fall_retained;strict_rough_improvement,15,20
64,history_combined_vs_control,61,pooled,FAIL,FAIL,FAIL,rough_one_retained;rough_six_retained;rough_fall_retained;rough_lane_retained;strict_rough_improvement,27,46
64,history_combined_vs_control,62,131,FAIL,FAIL,FAIL,rough_six_retained;rough_lane_retained;strict_rough_improvement,20,21
64,history_combined_vs_control,62,132,FAIL,FAIL,FAIL,rough_six_retained;rough_lane_retained;strict_rough_improvement,14,15
64,history_combined_vs_control,62,pooled,FAIL,FAIL,FAIL,rough_six_retained;rough_lane_retained;strict_rough_improvement,34,36
64,history_combined_vs_control,63,131,FAIL,FAIL,FAIL,rough_one_retained;rough_six_retained;rough_fall_retained;rough_lane_retained;strict_rough_improvement,10,25
64,history_combined_vs_control,63,132,FAIL,FAIL,FAIL,rough_one_retained;rough_six_retained;rough_fall_retained;strict_rough_improvement,18,20
64,history_combined_vs_control,63,pooled,FAIL,FAIL,FAIL,rough_one_retained;rough_six_retained;rough_fall_retained;rough_lane_retained;strict_rough_improvement,28,45
