recipe,label,checkpoints,seeds,demo_mean,demo_seed_std,category_balanced,away_from_home_mean,boxes_10,flat,fall_rate,distance_m,worst_condition,worst_return,cat_flat_friction,cat_boxes,cat_rough_wave,cat_slope_stairs,cat_obstacles,cat_gaps_holes
sticklim_e5_d0+stock,Stick+Lim 지형 + entropy · +600it,3,42 43 44,62.47,0.47,63.71,60.24,59.68,93.13,0.226,63.81,boxes_10_mu02_mult,23.62,84.65,51.91,66.90,45.04,68.35,65.42
lim_e5_d1+stock,Lim 박스 + entropy + 내 랜덤화 · +600it,3,42 43 44,61.38,1.55,62.14,59.77,61.99,83.31,0.148,59.15,stairs_inv_10,30.53,78.65,55.70,65.12,44.54,66.68,62.16
ref_lim_f3a,Lim F3a (원본),1,,60.77,0.00,61.95,59.26,57.48,84.88,0.193,59.34,boxes_15,27.71,86.68,54.00,61.74,40.32,65.17,63.77
lim_e5_d0+stock,Lim 박스 + entropy · +600it,3,42 43 44,60.46,2.00,61.33,58.71,63.74,84.52,0.222,59.43,boxes_10_mu02_mult,28.59,76.89,55.41,61.92,43.92,65.38,64.48
lim_e5_d1+recovery,Lim 박스 + entropy + 내 랜덤화 · +600it 회복보상,3,42 43 44,59.07,2.18,59.44,57.62,62.53,75.02,0.084,54.34,stairs_inv_10,27.79,71.15,54.96,64.67,45.05,64.38,56.45
sticklim_e5_d0,Stick+Lim 지형 + entropy,3,42 43 44,58.90,0.61,60.13,56.96,55.97,87.01,0.244,58.69,boxes_10_mu02_mult,26.46,82.62,49.00,61.34,44.83,62.12,60.87
ref_lim_e15,Lim E15 (원본),1,,54.75,0.00,55.64,53.24,54.24,73.29,0.251,53.06,stairs_inv_10,31.08,78.21,50.50,56.29,43.27,52.97,52.59
ref_stick_recovery,Stick recovery (원본),1,,52.74,0.00,53.92,51.93,31.81,76.39,0.175,45.95,boxes_15,11.51,78.13,31.68,61.84,37.61,65.34,48.92
ref_stick_control,Stick control (원본),1,,52.28,0.00,53.88,51.33,27.05,83.76,0.201,46.46,boxes_15,10.37,84.79,29.63,62.52,34.77,62.77,48.83
ref_stick_rough,Stick rough (원본),1,,51.22,0.00,52.66,50.18,28.19,83.70,0.234,45.95,boxes_15,10.15,84.72,28.93,60.48,32.50,63.08,46.26
ref_lim_e4,Lim E4 (원본),1,,44.94,0.00,46.25,43.62,37.02,66.71,0.415,43.04,boxes_15,17.51,68.34,35.55,43.64,41.65,41.35,46.95
flat_e0_d1,내 Robust42,3,42 43 44,33.46,0.77,37.22,30.92,4.81,146.56,0.404,33.16,wave_15,1.06,134.42,5.42,13.22,12.83,25.76,31.66
flat_e0_d0,제공 baseline,3,42 43 44,30.08,3.76,33.49,27.43,4.60,138.43,0.486,29.85,wave_15,0.99,113.27,5.14,13.72,13.96,23.07,31.75
ref_stick_flat,Stick flat (원본),1,,24.74,0.00,27.55,22.05,4.12,122.73,0.610,24.02,wave_15,0.17,93.51,5.54,14.78,11.17,16.51,23.77
ref_lim_e0,Lim E0 (원본),1,,21.81,0.00,24.32,19.15,3.35,121.46,0.585,22.20,wave_15,0.24,90.74,3.56,9.39,8.43,15.15,18.64
