checkpoint,condition,fresh_return,main_return,difference,per_env_identical
lim_e5_d0+stock_s42,isaaclab_rough,27.867678,27.867678,+0.000000,True
lim_e5_d0+stock_s42,stairs_10,37.463391,37.463391,+0.000000,True
lim_e5_d0+stock_s42,stairs_inv_10,30.914138,30.914138,+0.000000,True
lim_e5_d0+stock_s43,isaaclab_rough,31.017263,31.108614,-0.091350,False
lim_e5_d0+stock_s43,stairs_10,34.541098,37.972536,-3.431438,False
lim_e5_d0+stock_s43,stairs_inv_10,36.512038,36.512038,+0.000000,True
lim_e5_d0+stock_s44,isaaclab_rough,27.519702,28.115735,-0.596033,False
lim_e5_d0+stock_s44,stairs_10,35.191285,32.368356,+2.822929,False
lim_e5_d0+stock_s44,stairs_inv_10,32.512611,32.512611,+0.000000,True
lim_e5_d1+recovery_s42,isaaclab_rough,26.378343,25.341258,+1.037085,False
lim_e5_d1+recovery_s42,stairs_10,23.016270,23.866240,-0.849970,False
lim_e5_d1+recovery_s42,stairs_inv_10,24.835640,24.835640,+0.000000,True
lim_e5_d1+recovery_s43,isaaclab_rough,26.893958,27.456336,-0.562378,False
lim_e5_d1+recovery_s43,stairs_10,33.171146,37.228381,-4.057234,False
lim_e5_d1+recovery_s43,stairs_inv_10,30.434137,30.434137,+0.000000,True
lim_e5_d1+recovery_s44,isaaclab_rough,31.593866,31.576833,+0.017033,False
lim_e5_d1+recovery_s44,stairs_10,43.695803,45.491861,-1.796058,False
lim_e5_d1+recovery_s44,stairs_inv_10,28.099351,28.099351,+0.000000,True
lim_e5_d1+stock_s42,boxes_10,60.819920,60.819920,+0.000000,True
lim_e5_d1+stock_s42,boxes_10_mu02,66.620707,66.620707,+0.000000,True
lim_e5_d1+stock_s42,boxes_10_mu02_mult,33.444733,33.444733,+0.000000,True
lim_e5_d1+stock_s42,boxes_15,35.047575,35.047575,+0.000000,True
lim_e5_d1+stock_s42,boxes_5,76.273132,76.273132,+0.000000,True
lim_e5_d1+stock_s42,boxes_fine_10,57.377590,57.377590,+0.000000,True
lim_e5_d1+stock_s42,cones_12,51.943205,51.943205,+0.000000,True
lim_e5_d1+stock_s42,cylinders_10,52.694590,52.694590,+0.000000,True
lim_e5_d1+stock_s42,flat,80.831529,80.831529,+0.000000,True
lim_e5_d1+stock_s42,flat_mu01,88.669418,88.669418,+0.000000,True
lim_e5_d1+stock_s42,flat_mu02_mult,67.174741,67.174741,+0.000000,True
lim_e5_d1+stock_s42,flat_mu05,86.912231,86.912231,+0.000000,True
lim_e5_d1+stock_s42,gaps_20,66.725820,66.725820,+0.000000,True
lim_e5_d1+stock_s42,isaaclab_rough,27.781149,27.801677,-0.020528,False
lim_e5_d1+stock_s42,obstacles_10,56.785180,56.785180,+0.000000,True
lim_e5_d1+stock_s42,pits_15,75.709022,75.709022,+0.000000,True
lim_e5_d1+stock_s42,platform_10,76.874810,76.874810,+0.000000,True
lim_e5_d1+stock_s42,rails_8,75.190805,75.190805,+0.000000,True
lim_e5_d1+stock_s42,rough_10,57.845609,57.845609,+0.000000,True
lim_e5_d1+stock_s42,rough_5,59.767327,59.767327,+0.000000,True
lim_e5_d1+stock_s42,slope_20,57.997015,57.997015,+0.000000,True
lim_e5_d1+stock_s42,slope_inv_20,60.458036,60.458036,+0.000000,True
lim_e5_d1+stock_s42,stairs_10,28.505530,30.881901,-2.376371,False
lim_e5_d1+stock_s42,stairs_inv_10,28.631637,28.631637,+0.000000,True
lim_e5_d1+stock_s42,stick_rough,79.554656,79.554656,+0.000000,True
lim_e5_d1+stock_s42,stones,44.222732,44.222732,+0.000000,True
lim_e5_d1+stock_s42,tilted_blocks_8,61.918292,61.918292,+0.000000,True
lim_e5_d1+stock_s42,wave_15,49.431709,49.431709,+0.000000,True
lim_e5_d1+stock_s43,boxes_10,64.795208,64.795208,+0.000000,True
lim_e5_d1+stock_s43,boxes_10_mu02,67.304750,67.304750,+0.000000,True
lim_e5_d1+stock_s43,boxes_10_mu02_mult,29.384041,29.384041,+0.000000,True
lim_e5_d1+stock_s43,boxes_15,36.337243,36.337243,+0.000000,True
lim_e5_d1+stock_s43,boxes_5,78.236438,78.236438,+0.000000,True
lim_e5_d1+stock_s43,boxes_fine_10,58.271214,58.271214,+0.000000,True
lim_e5_d1+stock_s43,cones_12,60.376951,60.376951,+0.000000,True
lim_e5_d1+stock_s43,cylinders_10,58.476629,58.476629,+0.000000,True
lim_e5_d1+stock_s43,flat,86.632226,86.632226,+0.000000,True
lim_e5_d1+stock_s43,flat_mu01,86.260004,86.260004,+0.000000,True
lim_e5_d1+stock_s43,flat_mu02_mult,40.649321,40.649321,+0.000000,True
lim_e5_d1+stock_s43,flat_mu05,91.530371,91.530371,+0.000000,True
lim_e5_d1+stock_s43,gaps_20,66.041370,66.041370,+0.000000,True
lim_e5_d1+stock_s43,isaaclab_rough,28.745236,29.183956,-0.438720,False
lim_e5_d1+stock_s43,obstacles_10,67.610583,67.610583,+0.000000,True
lim_e5_d1+stock_s43,pits_15,76.444277,76.444277,+0.000000,True
lim_e5_d1+stock_s43,platform_10,80.742683,80.742683,+0.000000,True
lim_e5_d1+stock_s43,rails_8,77.506390,77.506390,+0.000000,True
lim_e5_d1+stock_s43,rough_10,60.824234,60.824234,+0.000000,True
lim_e5_d1+stock_s43,rough_5,68.970598,68.970598,+0.000000,True
lim_e5_d1+stock_s43,slope_20,60.801387,60.801387,+0.000000,True
lim_e5_d1+stock_s43,slope_inv_20,58.981017,58.981017,+0.000000,True
lim_e5_d1+stock_s43,stairs_10,36.991914,35.279984,+1.711930,False
lim_e5_d1+stock_s43,stairs_inv_10,35.001710,35.001710,+0.000000,True
lim_e5_d1+stock_s43,stick_rough,80.459057,80.459057,+0.000000,True
lim_e5_d1+stock_s43,stones,47.622162,47.622162,+0.000000,True
lim_e5_d1+stock_s43,tilted_blocks_8,65.856268,65.856268,+0.000000,True
lim_e5_d1+stock_s43,wave_15,52.352189,52.352189,+0.000000,True
lim_e5_d1+stock_s44,boxes_10,66.015198,66.015198,+0.000000,True
lim_e5_d1+stock_s44,boxes_10_mu02,69.426909,69.426909,+0.000000,True
lim_e5_d1+stock_s44,boxes_10_mu02_mult,39.481830,39.481830,+0.000000,True
lim_e5_d1+stock_s44,boxes_15,37.644576,37.644576,+0.000000,True
lim_e5_d1+stock_s44,boxes_5,76.863231,76.863231,+0.000000,True
lim_e5_d1+stock_s44,boxes_fine_10,61.250969,61.250969,+0.000000,True
lim_e5_d1+stock_s44,cones_12,61.961826,61.961826,+0.000000,True
lim_e5_d1+stock_s44,cylinders_10,60.869425,60.869425,+0.000000,True
lim_e5_d1+stock_s44,flat,82.480414,82.480414,+0.000000,True
lim_e5_d1+stock_s44,flat_mu01,85.207648,85.207648,+0.000000,True
lim_e5_d1+stock_s44,flat_mu02_mult,59.995934,59.995934,+0.000000,True
lim_e5_d1+stock_s44,flat_mu05,87.473649,87.473649,+0.000000,True
lim_e5_d1+stock_s44,gaps_20,60.142986,60.142986,+0.000000,True
lim_e5_d1+stock_s44,isaaclab_rough,28.399597,28.215893,+0.183705,False
lim_e5_d1+stock_s44,obstacles_10,64.891291,64.891291,+0.000000,True
lim_e5_d1+stock_s44,pits_15,75.472820,75.472820,+0.000000,True
lim_e5_d1+stock_s44,platform_10,79.717901,79.717901,+0.000000,True
lim_e5_d1+stock_s44,rails_8,77.589292,77.589292,+0.000000,True
lim_e5_d1+stock_s44,rough_10,62.620458,62.620458,+0.000000,True
lim_e5_d1+stock_s44,rough_5,66.025929,66.025929,+0.000000,True
lim_e5_d1+stock_s44,slope_20,63.597281,63.597281,+0.000000,True
lim_e5_d1+stock_s44,slope_inv_20,64.954568,64.954568,+0.000000,True
lim_e5_d1+stock_s44,stairs_10,38.663641,38.654578,+0.009063,False
lim_e5_d1+stock_s44,stairs_inv_10,27.968892,27.968892,+0.000000,True
lim_e5_d1+stock_s44,stick_rough,81.877581,81.877581,+0.000000,True
lim_e5_d1+stock_s44,stones,44.491934,44.491934,+0.000000,True
lim_e5_d1+stock_s44,tilted_blocks_8,65.670246,65.670246,+0.000000,True
lim_e5_d1+stock_s44,wave_15,58.081700,58.081700,+0.000000,True
ref_lim_f3a,boxes_10,59.476919,59.476919,+0.000000,True
ref_lim_f3a,boxes_10_mu02,73.935926,73.935926,+0.000000,True
ref_lim_f3a,boxes_10_mu02_mult,34.563118,34.563118,+0.000000,True
ref_lim_f3a,boxes_15,27.772511,27.772511,+0.000000,True
ref_lim_f3a,boxes_5,77.768550,77.768550,+0.000000,True
ref_lim_f3a,boxes_fine_10,57.519375,57.519375,+0.000000,True
ref_lim_f3a,cones_12,59.104327,59.104327,+0.000000,True
ref_lim_f3a,cylinders_10,58.504194,58.504194,+0.000000,True
ref_lim_f3a,flat,84.884253,84.884253,+0.000000,True
ref_lim_f3a,flat_mu01,98.583041,98.583041,+0.000000,True
ref_lim_f3a,flat_mu02_mult,75.782018,75.782018,+0.000000,True
ref_lim_f3a,flat_mu05,87.480481,87.480481,+0.000000,True
ref_lim_f3a,gaps_20,71.573634,71.573634,+0.000000,True
ref_lim_f3a,isaaclab_rough,25.860510,25.888943,-0.028432,False
ref_lim_f3a,obstacles_10,58.367705,58.367705,+0.000000,True
ref_lim_f3a,pits_15,80.303716,80.303716,+0.000000,True
ref_lim_f3a,platform_10,82.821849,82.821849,+0.000000,True
ref_lim_f3a,rails_8,77.874171,77.874171,+0.000000,True
ref_lim_f3a,rough_10,60.949234,60.949234,+0.000000,True
ref_lim_f3a,rough_5,60.542371,60.542371,+0.000000,True
ref_lim_f3a,slope_20,55.484435,55.484435,+0.000000,True
ref_lim_f3a,slope_inv_20,54.343139,54.343139,+0.000000,True
ref_lim_f3a,stairs_10,30.943428,32.316475,-1.373047,False
ref_lim_f3a,stairs_inv_10,28.334813,28.334813,+0.000000,True
ref_lim_f3a,stick_rough,76.477697,76.477697,+0.000000,True
ref_lim_f3a,stones,37.984605,37.984605,+0.000000,True
ref_lim_f3a,tilted_blocks_8,63.258458,63.258458,+0.000000,True
ref_lim_f3a,wave_15,45.117264,45.117264,+0.000000,True
sticklim_e5_d0+stock_s42,boxes_10,61.980545,61.980545,+0.000000,True
sticklim_e5_d0+stock_s42,boxes_10_mu02,59.504328,59.504328,+0.000000,True
sticklim_e5_d0+stock_s42,boxes_10_mu02_mult,20.970089,20.970089,+0.000000,True
sticklim_e5_d0+stock_s42,boxes_15,29.518971,29.518971,+0.000000,True
sticklim_e5_d0+stock_s42,boxes_5,84.310307,84.310307,+0.000000,True
sticklim_e5_d0+stock_s42,boxes_fine_10,57.752504,57.752504,+0.000000,True
sticklim_e5_d0+stock_s42,cones_12,57.794765,57.794765,+0.000000,True
sticklim_e5_d0+stock_s42,cylinders_10,55.330407,55.330407,+0.000000,True
sticklim_e5_d0+stock_s42,flat,93.845921,93.845921,+0.000000,True
sticklim_e5_d0+stock_s42,flat_mu01,98.964595,98.964595,+0.000000,True
sticklim_e5_d0+stock_s42,flat_mu02_mult,32.835202,32.835202,+0.000000,True
sticklim_e5_d0+stock_s42,flat_mu05,99.687966,99.687966,+0.000000,True
sticklim_e5_d0+stock_s42,gaps_20,75.131694,75.131694,+0.000000,True
sticklim_e5_d0+stock_s42,isaaclab_rough,26.284843,26.731040,-0.446197,False
sticklim_e5_d0+stock_s42,obstacles_10,64.111659,64.111659,+0.000000,True
sticklim_e5_d0+stock_s42,pits_15,86.857138,86.857138,+0.000000,True
sticklim_e5_d0+stock_s42,platform_10,91.515475,91.515475,+0.000000,True
sticklim_e5_d0+stock_s42,rails_8,85.856527,85.856527,+0.000000,True
sticklim_e5_d0+stock_s42,rough_10,58.688383,58.688383,+0.000000,True
sticklim_e5_d0+stock_s42,rough_5,67.085842,67.085842,+0.000000,True
sticklim_e5_d0+stock_s42,slope_20,64.550359,64.550359,+0.000000,True
sticklim_e5_d0+stock_s42,slope_inv_20,62.342075,62.342075,+0.000000,True
sticklim_e5_d0+stock_s42,stairs_10,36.762646,38.326689,-1.564043,False
sticklim_e5_d0+stock_s42,stairs_inv_10,24.395738,24.395738,+0.000000,True
sticklim_e5_d0+stock_s42,stick_rough,89.010826,89.010826,+0.000000,True
sticklim_e5_d0+stock_s42,stones,43.578599,43.578599,+0.000000,True
sticklim_e5_d0+stock_s42,tilted_blocks_8,63.646448,63.646448,+0.000000,True
sticklim_e5_d0+stock_s42,wave_15,50.626254,50.626254,+0.000000,True
sticklim_e5_d0+stock_s43,boxes_10,61.985765,61.985765,+0.000000,True
sticklim_e5_d0+stock_s43,boxes_10_mu02,62.940593,62.940593,+0.000000,True
sticklim_e5_d0+stock_s43,boxes_10_mu02_mult,25.633296,25.633296,+0.000000,True
sticklim_e5_d0+stock_s43,boxes_15,31.464407,31.464407,+0.000000,True
sticklim_e5_d0+stock_s43,boxes_5,80.506863,80.506863,+0.000000,True
sticklim_e5_d0+stock_s43,boxes_fine_10,57.169348,57.169348,+0.000000,True
sticklim_e5_d0+stock_s43,cones_12,53.238554,53.238554,+0.000000,True
sticklim_e5_d0+stock_s43,cylinders_10,55.241831,55.241831,+0.000000,True
sticklim_e5_d0+stock_s43,flat,92.809323,92.809323,+0.000000,True
sticklim_e5_d0+stock_s43,flat_mu01,101.442000,101.442000,+0.000000,True
sticklim_e5_d0+stock_s43,flat_mu02_mult,41.385872,41.385872,+0.000000,True
sticklim_e5_d0+stock_s43,flat_mu05,97.346196,97.346196,+0.000000,True
sticklim_e5_d0+stock_s43,gaps_20,70.206902,70.206902,+0.000000,True
sticklim_e5_d0+stock_s43,isaaclab_rough,27.668250,28.309770,-0.641520,False
sticklim_e5_d0+stock_s43,obstacles_10,60.172446,60.172446,+0.000000,True
sticklim_e5_d0+stock_s43,pits_15,82.080927,82.080927,+0.000000,True
sticklim_e5_d0+stock_s43,platform_10,88.554899,88.554899,+0.000000,True
sticklim_e5_d0+stock_s43,rails_8,82.805807,82.805807,+0.000000,True
sticklim_e5_d0+stock_s43,rough_10,65.468544,65.468544,+0.000000,True
sticklim_e5_d0+stock_s43,rough_5,71.397887,71.397887,+0.000000,True
sticklim_e5_d0+stock_s43,slope_20,61.002646,61.002646,+0.000000,True
sticklim_e5_d0+stock_s43,slope_inv_20,63.338087,63.338087,+0.000000,True
sticklim_e5_d0+stock_s43,stairs_10,40.209364,44.745072,-4.535709,False
sticklim_e5_d0+stock_s43,stairs_inv_10,30.641526,30.641526,+0.000000,True
sticklim_e5_d0+stock_s43,stick_rough,93.048069,93.048069,+0.000000,True
sticklim_e5_d0+stock_s43,stones,37.219790,37.219790,+0.000000,True
sticklim_e5_d0+stock_s43,tilted_blocks_8,64.446146,64.446146,+0.000000,True
sticklim_e5_d0+stock_s43,wave_15,53.766026,53.766026,+0.000000,True
sticklim_e5_d0+stock_s44,boxes_10,56.248874,56.248874,+0.000000,True
sticklim_e5_d0+stock_s44,boxes_10_mu02,57.157446,57.157446,+0.000000,True
sticklim_e5_d0+stock_s44,boxes_10_mu02_mult,25.499595,25.499595,+0.000000,True
sticklim_e5_d0+stock_s44,boxes_15,25.937954,25.937954,+0.000000,True
sticklim_e5_d0+stock_s44,boxes_5,81.670190,81.670190,+0.000000,True
sticklim_e5_d0+stock_s44,boxes_fine_10,51.756659,51.756659,+0.000000,True
sticklim_e5_d0+stock_s44,cones_12,55.448808,55.448808,+0.000000,True
sticklim_e5_d0+stock_s44,cylinders_10,59.404684,59.404684,+0.000000,True
sticklim_e5_d0+stock_s44,flat,92.723721,92.723721,+0.000000,True
sticklim_e5_d0+stock_s44,flat_mu01,95.955123,95.955123,+0.000000,True
sticklim_e5_d0+stock_s44,flat_mu02_mult,72.031870,72.031870,+0.000000,True
sticklim_e5_d0+stock_s44,flat_mu05,96.793019,96.793019,+0.000000,True
sticklim_e5_d0+stock_s44,gaps_20,78.953242,78.953242,+0.000000,True
sticklim_e5_d0+stock_s44,isaaclab_rough,27.421820,27.927544,-0.505723,False
sticklim_e5_d0+stock_s44,obstacles_10,56.581089,56.581089,+0.000000,True
sticklim_e5_d0+stock_s44,pits_15,80.440092,80.440092,+0.000000,True
sticklim_e5_d0+stock_s44,platform_10,88.331509,88.331509,+0.000000,True
sticklim_e5_d0+stock_s44,rails_8,80.361129,80.361129,+0.000000,True
sticklim_e5_d0+stock_s44,rough_10,57.227575,57.227575,+0.000000,True
sticklim_e5_d0+stock_s44,rough_5,62.583068,62.583068,+0.000000,True
sticklim_e5_d0+stock_s44,slope_20,59.412074,59.412074,+0.000000,True
sticklim_e5_d0+stock_s44,slope_inv_20,63.553262,63.553262,+0.000000,True
sticklim_e5_d0+stock_s44,stairs_10,32.069343,33.187959,-1.118615,False
sticklim_e5_d0+stock_s44,stairs_inv_10,29.764940,29.764940,+0.000000,True
sticklim_e5_d0+stock_s44,stick_rough,88.416308,88.416308,+0.000000,True
sticklim_e5_d0+stock_s44,stones,34.876811,34.876811,+0.000000,True
sticklim_e5_d0+stock_s44,tilted_blocks_8,64.671330,64.671330,+0.000000,True
sticklim_e5_d0+stock_s44,wave_15,42.965946,42.965946,+0.000000,True
sticklim_e5_d0_s42,isaaclab_rough,26.157798,26.091883,+0.065915,False
sticklim_e5_d0_s42,stairs_10,35.388533,37.509041,-2.120509,False
sticklim_e5_d0_s42,stairs_inv_10,31.352119,31.352119,+0.000000,True
sticklim_e5_d0_s43,isaaclab_rough,26.907052,26.759182,+0.147870,False
sticklim_e5_d0_s43,stairs_10,38.756069,42.907512,-4.151443,False
sticklim_e5_d0_s43,stairs_inv_10,32.173688,32.173688,+0.000000,True
sticklim_e5_d0_s44,isaaclab_rough,26.700166,26.877994,-0.177829,False
sticklim_e5_d0_s44,stairs_10,40.365920,42.803357,-2.437437,False
sticklim_e5_d0_s44,stairs_inv_10,31.648027,31.648027,+0.000000,True
