recipe,label,flat,flat_mu05,flat_mu01,flat_mu02_mult,boxes_5,boxes_10,boxes_15,boxes_fine_10,boxes_10_mu02,boxes_10_mu02_mult,rough_5,rough_10,stick_rough,wave_15,slope_20,slope_inv_20,stairs_10,stairs_inv_10,isaaclab_rough,obstacles_10,rails_8,cylinders_10,cones_12,tilted_blocks_8,platform_10,gaps_20,pits_15,stones
sticklim_e5_d0+stock,Stick+Lim 지형 + entropy · +600it,93.13,97.94,98.79,48.75,82.16,60.07,28.97,55.56,59.87,24.03,67.02,60.46,90.16,49.12,61.66,63.08,38.75,28.27,27.66,60.29,83.01,56.66,55.49,64.25,89.47,74.76,83.13,38.56
lim_e5_d1+stock,Lim 박스 + entropy + 내 랜덤화 · +600it,83.31,88.64,86.71,55.94,77.12,63.88,36.34,58.97,67.78,34.10,64.92,60.43,80.63,53.29,60.80,61.46,34.94,30.53,28.40,63.10,76.76,57.35,58.09,64.48,79.11,64.30,75.88,45.45
ref_lim_f3a,Lim F3a (원본),84.88,87.48,98.58,75.78,77.77,59.48,27.77,57.52,73.94,34.56,60.54,60.95,76.48,45.12,55.48,54.34,32.32,28.33,25.89,58.37,77.87,58.50,59.10,63.26,82.82,71.57,80.30,37.98
lim_e5_d0+stock,Lim 박스 + entropy · +600it,84.52,84.61,80.67,57.75,78.33,63.94,36.00,59.25,63.84,28.68,59.70,59.11,75.49,52.23,55.49,58.67,35.93,33.31,29.03,56.95,77.24,55.15,57.90,61.10,82.18,71.95,77.95,43.95
lim_e5_d1+recovery,Lim 박스 + entropy + 내 랜덤화 · +600it 회복보상,75.02,78.01,75.52,56.06,71.40,62.37,35.49,58.28,67.21,34.08,65.26,61.75,76.02,54.49,64.58,62.67,35.53,27.79,28.12,63.41,70.46,58.53,58.85,62.85,72.95,55.50,69.94,45.65
sticklim_e5_d0,Stick+Lim 지형 + entropy,87.01,90.67,93.91,58.88,76.71,56.48,27.20,51.72,56.76,25.96,57.19,54.69,81.12,46.88,59.84,58.87,41.07,31.72,26.58,55.28,75.69,50.01,53.28,60.49,81.48,69.56,77.45,36.55
lim_e5_d1,Lim 박스 + entropy + 내 랜덤화,76.60,82.25,80.26,48.23,71.67,60.34,33.57,55.56,63.95,34.25,60.34,56.47,74.34,50.97,62.97,61.09,40.95,28.29,28.23,58.08,71.20,52.21,54.03,57.63,74.68,60.69,70.97,44.74
stick_e5_d0,Stick 험지 + entropy,90.47,93.78,101.20,70.89,72.42,41.87,16.48,38.38,44.20,24.49,67.27,60.38,86.79,42.98,63.98,63.86,28.44,23.80,24.49,59.90,69.64,50.25,52.38,54.93,80.06,78.35,72.38,27.66
sticklim_e5_d1,Stick+Lim 지형 + entropy + 내 랜덤화,83.48,91.83,98.09,69.69,74.20,53.21,21.50,48.67,60.25,32.41,59.43,54.03,81.44,43.67,61.00,56.20,29.71,23.09,24.28,50.52,72.71,45.22,47.73,51.34,79.39,63.06,74.05,34.55
stick_e5_d1,Stick 험지 + entropy + 내 랜덤화,90.81,103.03,110.79,78.45,69.62,36.81,10.31,30.61,42.54,28.99,73.35,56.21,86.58,37.27,62.70,57.85,19.62,11.88,18.21,57.49,67.16,58.43,58.66,66.56,79.59,72.76,70.04,24.75
sticklim_e5_d0+recovery,Stick+Lim 지형 + entropy · +600it 회복보상,75.83,76.57,76.75,53.83,73.41,58.31,28.20,54.56,57.67,22.85,61.38,59.42,77.34,48.16,60.67,60.15,37.72,29.04,25.31,58.47,72.50,56.04,56.96,59.72,74.85,57.32,71.13,36.53
lim_e5_d0,Lim 박스 + entropy,77.30,77.92,76.74,60.33,72.43,58.96,37.42,56.32,60.28,30.34,55.28,54.21,70.64,46.89,52.78,53.34,40.08,32.83,29.76,51.12,72.07,48.74,47.50,53.22,75.54,63.67,73.61,41.15
ref_lim_e15,Lim E15 (원본),73.29,78.23,85.23,76.09,67.51,55.89,29.49,53.03,60.02,35.14,54.28,55.25,67.78,44.61,56.55,52.35,43.27,31.08,24.22,47.69,67.26,41.08,41.87,44.48,73.11,53.14,68.25,33.34
ref_stick_recovery,Stick recovery (원본),76.39,78.22,80.67,77.23,55.57,29.12,12.25,24.44,33.45,32.27,72.83,54.10,70.12,50.59,59.36,58.27,31.62,18.02,19.28,60.25,60.61,68.23,67.11,68.11,67.91,64.41,58.58,27.06
ref_stick_control,Stick control (원본),83.76,86.66,89.57,79.17,52.39,26.51,10.64,24.79,31.75,31.31,75.76,55.77,65.34,49.07,53.59,53.12,26.69,19.00,17.52,61.68,56.71,65.15,66.12,68.62,65.34,65.17,56.47,23.87
ref_stick_rough,Stick rough (원본),83.70,87.41,89.67,78.09,52.78,23.11,10.70,19.62,28.89,30.53,71.33,52.96,69.52,47.50,49.80,53.37,22.82,17.45,16.93,55.72,53.60,67.05,66.10,67.06,67.28,64.68,50.23,23.37
sticklim_e0_d1,Stick+Lim 지형 + 내 랜덤화,72.08,77.54,81.92,76.73,62.25,44.45,17.73,39.63,50.24,35.81,49.68,48.69,69.25,36.76,53.52,50.68,34.20,27.88,24.68,44.03,62.41,34.63,35.64,43.58,66.94,56.63,63.27,27.88
lim_e0_d0,Lim 박스,65.96,67.25,68.23,68.70,58.88,47.55,26.24,44.65,45.86,32.68,49.21,47.62,62.30,40.58,50.01,46.98,35.32,33.52,27.03,45.67,58.71,34.13,39.05,39.00,62.45,57.56,59.02,35.69
stick_e0_d1,Stick 험지 + 내 랜덤화,80.71,85.20,89.16,81.95,53.72,28.46,8.63,22.16,34.13,22.33,56.86,43.84,70.09,34.37,52.41,48.89,20.77,16.24,19.17,47.09,59.06,43.48,44.24,49.36,69.73,64.17,61.88,22.01
all_e5_d1,전체 혼합 지형 + entropy + 내 랜덤화,69.23,67.39,68.66,47.90,61.37,47.98,26.10,43.43,50.75,24.36,44.58,43.46,63.01,35.64,45.66,46.88,39.58,34.11,30.72,39.75,63.16,36.39,36.95,39.61,67.62,56.87,62.75,32.39
stick_e0_d0,Stick 험지,73.22,76.66,81.39,80.96,56.03,30.70,11.22,26.99,32.63,17.81,58.85,48.31,71.64,31.35,50.80,49.19,23.39,24.83,19.72,46.64,54.84,36.30,37.12,43.16,61.97,58.59,56.40,24.25
lim_e0_d1,Lim 박스 + 내 랜덤화,61.46,64.50,65.25,65.41,55.14,44.88,21.80,41.16,49.79,37.42,47.52,46.77,58.32,30.80,42.67,44.02,29.96,27.98,24.72,43.26,56.31,38.10,40.01,44.35,59.01,46.21,56.74,30.60
stick_e0_d0+recovery,Stick 험지 · +600it 회복보상,69.36,73.91,79.16,76.78,52.46,31.96,10.96,27.73,34.56,22.17,56.74,45.82,69.06,35.04,49.81,48.16,22.70,21.56,19.59,44.63,54.15,37.06,38.28,42.34,59.50,52.82,57.05,22.85
ref_lim_e4,Lim E4 (원본),66.71,69.73,73.41,63.52,52.83,38.40,18.98,34.48,42.87,27.93,39.15,35.34,61.08,28.28,51.65,47.62,42.45,34.59,30.87,37.67,56.76,28.18,31.16,34.22,62.75,54.73,61.57,22.22
sticklim_e0_d0,Stick+Lim 지형,70.63,68.69,71.32,67.79,55.84,40.86,22.25,38.43,36.26,28.49,40.16,39.40,62.42,28.58,41.23,42.99,29.62,24.51,23.06,32.86,59.97,24.24,26.49,28.71,65.31,56.81,59.81,27.22
all_e5_d0,전체 혼합 지형 + entropy,60.53,61.54,61.52,39.81,54.51,43.00,27.56,40.80,38.47,20.00,40.50,39.86,58.84,30.40,45.54,43.75,38.87,32.84,33.62,35.66,57.85,27.62,30.81,33.81,59.90,46.40,59.61,27.53
mine_e5_d1,내 v5 지형 + entropy + 내 랜덤화,62.18,67.34,68.29,57.03,51.11,35.09,18.71,32.53,33.86,16.75,37.19,36.71,57.92,29.31,44.14,48.45,36.80,31.50,30.45,32.07,51.95,25.61,28.31,31.70,59.29,49.01,57.29,24.98
flat_e5_d1,평지 + entropy + 내 랜덤화,164.91,190.45,175.66,91.68,15.81,6.12,4.83,6.33,5.61,5.99,33.72,15.08,27.64,3.30,32.35,29.73,9.27,8.05,9.85,23.14,16.68,42.48,35.96,41.84,53.98,81.19,13.38,8.60
mine_e5_d0,내 v5 지형 + entropy,62.02,63.26,59.27,29.65,52.40,34.92,19.88,33.21,31.04,11.00,40.94,40.00,62.31,28.67,47.23,48.89,36.96,30.10,28.77,37.78,53.56,27.75,27.43,33.74,57.49,50.81,54.30,26.29
mine_e0_d0,내 v5 지형,74.89,74.51,69.50,42.49,44.46,29.42,15.51,26.35,26.17,14.16,34.80,28.36,58.30,26.65,44.12,43.77,33.24,26.11,25.12,31.10,51.42,25.05,27.27,31.47,61.98,53.46,57.29,18.63
mine_e0_d1,내 v5 지형 + 내 랜덤화,63.33,66.00,65.75,60.34,45.04,31.27,16.60,29.07,31.63,18.34,33.46,29.44,55.93,24.78,43.10,39.80,30.15,27.49,25.05,27.93,48.01,22.74,24.60,27.40,54.70,51.08,55.82,21.78
all_e0_d0,전체 혼합 지형,61.99,62.31,65.05,64.40,48.83,36.07,19.59,33.37,35.03,20.17,31.65,31.50,54.42,25.59,39.35,38.88,29.20,26.74,23.51,27.06,50.87,18.96,19.62,24.05,57.48,48.49,52.18,22.66
flat_e5_d0,평지 + entropy,171.90,166.09,146.30,88.81,13.79,4.90,4.57,5.62,4.73,5.02,29.01,15.94,18.77,3.04,25.03,23.78,9.07,9.16,9.20,20.16,14.17,38.44,35.40,33.81,42.16,89.34,26.92,8.19
all_e0_d1,전체 혼합 지형 + 내 랜덤화,49.02,43.52,47.86,57.22,48.24,37.44,21.46,35.00,38.11,28.60,33.02,35.81,54.82,27.74,35.93,40.62,31.24,27.24,25.27,28.49,46.80,20.45,21.26,23.13,50.07,40.00,47.30,26.58
flat_e0_d1,내 Robust42,146.56,160.20,145.77,85.16,9.69,4.85,4.29,5.42,4.17,3.36,27.69,12.49,16.52,1.06,18.36,22.77,7.78,7.55,8.15,16.42,7.21,35.12,29.82,30.44,34.23,75.55,10.95,8.47
flat_e0_d0,제공 baseline,138.43,136.55,121.72,56.37,10.53,4.25,4.07,4.55,4.04,3.63,25.71,14.25,15.36,0.99,19.02,26.89,7.91,8.38,7.55,14.11,8.15,32.62,25.45,29.13,28.72,74.71,12.01,8.50
ref_stick_flat,Stick flat (원본),122.73,110.78,92.19,48.37,12.97,4.23,2.97,3.91,3.81,3.66,25.64,17.59,17.36,0.17,10.98,21.65,6.41,8.47,8.20,12.58,8.32,25.82,19.35,21.61,16.96,48.87,15.27,8.50
ref_lim_e0,Lim E0 (원본),121.46,108.29,85.91,47.31,5.93,3.49,2.36,3.53,2.43,2.62,13.89,9.70,7.79,0.24,9.15,18.03,4.58,4.77,5.38,9.25,4.44,26.75,21.61,19.26,12.49,43.58,5.25,6.50
