checkpoint,demo,category_balanced,away_from_home,fall_rate,flat,flat_mu05,flat_mu01,flat_mu02_mult,boxes_5,boxes_10,boxes_15,boxes_fine_10,boxes_10_mu02,boxes_10_mu02_mult,rough_5,rough_10,stick_rough,wave_15,slope_20,slope_inv_20,stairs_10,stairs_inv_10,isaaclab_rough,obstacles_10,rails_8,cylinders_10,cones_12,tilted_blocks_8,platform_10,gaps_20,pits_15,stones
stick_e5_d0_s43,63.60,65.32,61.74,0.212,99.44,103.77,108.64,90.72,77.43,43.08,15.79,36.68,47.26,29.72,77.39,66.51,94.89,48.95,69.68,72.26,30.60,26.81,27.14,71.14,72.68,67.74,67.29,68.42,86.42,81.72,71.51,27.12
sticklim_e5_d0+stock_s43,62.80,63.94,60.42,0.229,92.81,97.35,101.44,41.39,80.51,61.99,31.46,57.17,62.94,25.63,71.40,65.47,93.05,53.77,61.00,63.34,44.75,30.64,28.31,60.17,82.81,55.24,53.24,64.45,88.55,70.21,82.08,37.22
lim_e5_d1+stock_s44,62.45,62.93,60.73,0.088,82.48,87.47,85.21,60.00,76.86,66.02,37.64,61.25,69.43,39.48,66.03,62.62,81.88,58.08,63.60,64.95,38.65,27.97,28.22,64.89,77.59,60.87,61.96,65.67,79.72,60.14,75.47,44.49
sticklim_e5_d0+stock_s42,62.32,63.59,60.00,0.216,93.85,99.69,98.96,32.84,84.31,61.98,29.52,57.75,59.50,20.97,67.09,58.69,89.01,50.63,64.55,62.34,38.33,24.40,26.73,64.11,85.86,55.33,57.79,63.65,91.52,75.13,86.86,43.58
lim_e5_d0+stock_s42,62.06,63.04,60.36,0.165,85.89,86.14,82.52,52.93,77.92,63.61,36.01,60.64,63.91,27.97,67.97,63.20,79.22,55.38,58.48,61.56,37.46,30.91,27.87,65.29,80.37,61.07,60.12,65.66,83.95,72.51,80.35,48.85
lim_e5_d1+stock_s43,61.50,62.21,59.60,0.167,86.63,91.53,86.26,40.65,78.24,64.80,36.34,58.27,67.30,29.38,68.97,60.82,80.46,52.35,60.80,58.98,35.28,35.00,29.18,67.61,77.51,58.48,60.38,65.86,80.74,66.04,76.44,47.62
sticklim_e5_d0+stock_s44,61.42,62.81,59.30,0.221,92.72,96.79,95.96,72.03,81.67,56.25,25.94,51.76,57.16,25.50,62.58,57.23,88.42,42.97,59.41,63.55,33.19,29.76,27.93,56.58,80.36,59.40,55.45,64.67,88.33,78.95,80.44,34.88
lim_e5_d1+recovery_s44,61.18,61.59,59.84,0.052,75.86,80.31,76.90,57.22,73.37,64.80,38.05,59.43,68.98,40.48,66.31,63.52,76.57,57.53,66.10,64.47,45.49,28.10,31.58,64.86,71.95,61.63,61.45,63.30,74.92,61.05,72.43,46.48
ref_lim_f3a,60.96,61.97,59.45,0.181,84.88,87.48,98.58,75.78,77.77,59.48,27.77,57.52,73.94,34.56,60.54,60.95,76.48,45.12,55.48,54.34,32.32,28.33,25.89,58.37,77.87,58.50,59.10,63.26,82.82,71.57,80.30,37.98
lim_e5_d1+stock_s42,59.56,60.57,57.86,0.181,80.83,86.91,88.67,67.17,76.27,60.82,35.05,57.38,66.62,33.44,59.77,57.85,79.55,49.43,58.00,60.46,30.88,28.63,27.80,56.79,75.19,52.69,51.94,61.92,76.87,66.73,75.71,44.22
stick_e5_d1_s43,59.54,61.77,57.57,0.198,96.48,109.68,117.26,92.43,73.78,37.33,9.86,31.99,47.08,29.66,82.06,63.92,94.02,42.94,66.98,61.43,14.96,10.65,18.65,63.07,62.83,60.17,59.23,67.22,80.88,80.13,68.56,23.88
sticklim_e5_d0+recovery_s42,59.52,60.07,57.74,0.158,80.61,81.84,82.13,49.43,77.48,60.70,34.10,56.32,58.99,23.58,67.46,61.61,81.80,47.89,63.25,62.25,40.41,31.34,26.95,63.51,77.40,60.33,60.08,63.88,78.64,56.50,76.49,41.63
lim_e5_d1_s44,59.33,60.22,57.94,0.120,78.06,84.58,80.38,66.32,73.45,61.65,34.41,56.55,62.22,37.52,60.81,58.12,73.01,53.53,62.06,64.10,41.49,24.78,27.64,57.52,73.55,53.54,55.93,58.29,76.44,65.44,73.94,45.89
stick_e5_d0_s42,59.31,61.55,57.25,0.302,93.36,99.15,110.42,53.25,78.87,45.14,15.83,39.50,45.25,19.89,71.91,63.20,90.95,43.99,70.37,66.24,37.86,29.21,23.77,59.91,73.67,44.50,45.25,55.28,87.12,86.08,79.41,31.24
lim_e5_d0+stock_s44,59.28,60.19,57.57,0.287,83.88,84.67,82.26,62.60,78.66,63.85,33.84,58.21,63.33,26.73,58.46,56.86,72.67,50.08,56.05,59.27,32.37,32.51,28.12,53.79,74.46,54.32,58.62,62.25,81.97,72.37,75.84,41.70
sticklim_e5_d0_s43,59.21,60.35,57.22,0.236,86.46,88.70,92.69,53.21,78.31,57.91,24.63,52.25,57.72,29.55,61.67,58.41,83.11,51.12,61.00,58.57,42.91,32.17,26.76,57.36,76.51,48.97,50.07,64.09,81.39,74.15,74.39,33.93
lim_e5_d0+stock_s43,58.76,59.63,56.90,0.219,83.81,83.01,77.24,57.72,78.42,64.37,38.15,58.90,64.28,31.33,52.68,57.29,74.57,51.22,51.92,55.17,37.97,36.51,31.11,51.78,76.89,50.07,54.97,55.39,80.63,70.98,77.67,41.29
sticklim_e5_d0_s42,58.42,59.49,56.44,0.282,87.95,92.58,94.04,46.35,76.19,58.32,31.60,52.18,57.64,24.62,57.18,50.80,78.45,43.92,61.06,58.94,37.51,31.35,26.09,54.71,77.57,52.22,56.27,59.07,82.02,62.93,80.49,43.70
sticklim_e5_d0_s44,58.41,59.79,56.55,0.221,86.62,90.73,95.00,77.09,75.61,53.21,25.38,50.72,54.93,23.70,52.72,54.86,81.81,45.60,57.45,59.10,42.80,31.65,26.88,53.77,73.00,48.83,53.50,58.30,81.03,71.61,77.47,32.03
lim_e5_d0_s42,58.32,58.99,56.68,0.182,82.21,82.98,78.14,49.77,73.62,62.08,38.58,59.70,64.06,28.81,61.46,57.53,71.42,51.01,56.04,52.52,40.28,30.76,31.06,54.39,76.96,56.39,54.39,57.59,79.58,61.45,75.74,44.33
lim_e5_d1+recovery_s43,58.18,58.61,56.63,0.091,75.55,77.90,74.30,47.71,70.30,61.00,32.28,58.20,66.21,28.99,66.50,61.83,76.71,53.72,64.08,60.24,37.23,30.43,27.46,63.83,70.03,59.41,59.00,63.72,72.45,54.28,69.07,46.50
sticklim_e5_d1_s44,57.33,58.75,55.52,0.236,83.19,85.50,94.87,73.81,75.37,52.10,21.12,47.49,61.37,33.19,63.55,56.69,81.85,42.20,59.02,57.66,31.76,23.11,25.08,54.01,73.20,45.39,50.54,55.40,78.30,69.33,75.49,34.65
lim_e5_d1+recovery_s42,57.19,57.61,55.66,0.094,73.65,75.81,75.37,63.26,70.52,61.31,36.12,57.21,66.45,32.77,62.96,59.90,74.79,52.21,63.55,63.31,23.87,24.84,25.34,61.55,69.41,54.57,56.11,61.54,71.48,51.17,68.32,43.95
lim_e5_d1_s43,57.15,57.57,55.46,0.172,76.98,81.05,79.15,16.11,71.00,60.95,33.61,56.37,66.52,28.34,62.36,57.90,75.61,53.11,65.00,60.16,45.27,31.21,27.94,60.39,71.10,54.39,55.10,60.37,74.62,61.25,70.67,43.58
stick_e5_d1_s44,56.76,58.71,55.18,0.220,90.68,103.10,108.67,74.15,68.23,33.34,9.42,27.31,39.99,30.60,70.92,57.53,85.62,35.44,63.58,63.02,22.87,12.30,18.94,57.24,69.30,60.24,62.34,68.10,81.07,76.94,74.67,23.53
lim_e5_d1_s42,56.51,57.21,54.99,0.166,74.78,81.11,81.24,62.27,70.57,58.42,32.68,53.75,63.12,36.90,57.85,53.40,74.41,46.25,61.85,59.02,36.09,28.88,29.10,56.35,68.96,48.72,51.05,54.22,72.99,55.37,68.29,44.75
sticklim_e5_d1_s42,56.43,57.80,54.42,0.249,85.54,96.92,101.47,80.16,73.85,52.63,21.12,47.93,61.03,36.61,60.94,55.22,81.47,45.16,59.69,54.02,24.33,23.29,22.56,48.91,71.52,41.88,46.09,47.72,79.81,53.75,72.83,33.70
sticklim_e5_d1_s43,56.03,57.30,54.05,0.286,81.70,93.09,97.94,55.10,73.38,54.90,22.27,50.58,58.36,27.44,53.80,50.19,80.98,43.64,64.28,56.92,33.05,22.85,25.21,48.64,73.40,48.40,46.57,50.89,80.05,66.11,73.83,35.31
lim_e5_d0_s43,55.28,56.20,53.69,0.215,76.50,77.64,79.13,59.68,72.46,58.81,36.38,54.91,57.04,29.82,55.44,53.16,70.19,44.29,48.45,54.30,41.14,36.08,29.32,49.52,70.36,44.31,47.54,51.71,74.29,63.17,72.55,39.62
sticklim_e5_d0+recovery_s44,54.96,55.72,53.39,0.133,72.40,73.39,73.57,63.87,70.46,57.36,24.58,52.19,56.60,26.00,58.65,59.23,74.28,50.84,58.69,57.60,33.68,25.43,22.34,55.14,69.99,52.26,55.19,58.02,72.64,62.03,69.23,33.26
sticklim_e5_d0+recovery_s43,54.88,55.28,53.17,0.188,74.48,74.49,74.55,48.20,72.29,56.86,25.91,55.17,57.41,18.99,58.02,57.44,75.94,45.76,60.08,60.60,39.09,30.36,26.64,56.76,70.12,55.52,55.62,57.26,73.27,53.41,67.68,34.69
lim_e5_d0_s44,54.67,55.67,53.25,0.321,73.20,73.12,72.96,71.52,71.20,55.99,37.29,54.35,59.75,32.40,48.96,51.94,70.31,45.38,53.85,53.20,38.82,31.65,28.89,49.46,68.89,45.51,40.56,50.37,72.76,66.39,72.55,39.51
ref_lim_e15,54.05,54.92,52.66,0.260,73.29,78.23,85.23,76.09,67.51,55.89,29.49,53.03,60.02,35.14,54.28,55.25,67.78,44.61,56.55,52.35,43.27,31.08,24.22,47.69,67.26,41.08,41.87,44.48,73.11,53.14,68.25,33.34
sticklim_e0_d1_s42,53.14,54.35,51.61,0.236,77.36,82.76,86.77,80.32,66.55,46.22,18.16,41.03,49.82,36.02,51.22,52.15,74.09,38.46,58.72,55.18,35.16,31.01,26.83,48.09,64.67,46.05,41.94,53.31,70.07,61.68,64.77,29.43
stick_e5_d1_s42,53.11,54.60,51.27,0.299,85.28,96.29,106.45,68.77,66.85,39.75,11.65,32.53,40.55,26.70,67.08,47.19,80.10,33.42,57.55,49.10,21.02,12.70,17.02,52.16,69.36,54.89,54.42,64.35,76.81,61.21,66.90,26.84
ref_stick_recovery,52.72,53.99,52.02,0.164,76.39,78.22,80.67,77.23,55.57,29.12,12.25,24.44,33.45,32.27,72.83,54.10,70.12,50.59,59.36,58.27,31.62,18.02,19.28,60.25,60.61,68.23,67.11,68.11,67.91,64.41,58.58,27.06
ref_stick_control,52.20,53.71,51.44,0.205,83.76,86.66,89.57,79.17,52.39,26.51,10.64,24.79,31.75,31.31,75.76,55.77,65.34,49.07,53.59,53.12,26.69,19.00,17.52,61.68,56.71,65.15,66.12,68.62,65.34,65.17,56.47,23.87
all_e5_d1_s43,51.67,52.55,49.94,0.401,75.57,75.34,81.59,37.55,65.82,53.29,26.73,46.04,48.23,18.09,47.19,46.53,69.47,41.59,52.73,52.72,42.61,37.13,34.84,46.88,70.24,47.32,44.35,47.04,74.22,58.54,70.20,34.90
ref_stick_rough,50.76,52.27,49.80,0.234,83.70,87.41,89.67,78.09,52.78,23.11,10.70,19.62,28.89,30.53,71.33,52.96,69.52,47.50,49.80,53.37,22.82,17.45,16.93,55.72,53.60,67.05,66.10,67.06,67.28,64.68,50.23,23.37
lim_e0_d0_s44,49.23,50.36,47.85,0.260,68.82,69.40,68.52,70.71,60.87,48.69,28.06,47.19,44.51,28.34,48.01,46.86,64.79,41.07,50.56,49.35,38.52,36.41,28.53,46.51,59.24,36.60,40.49,37.74,64.14,57.23,60.76,36.62
stick_e5_d0_s44,48.71,50.45,46.93,0.442,78.62,78.42,84.56,68.70,60.97,37.39,17.81,38.96,40.08,23.87,52.50,51.42,74.54,36.02,51.89,53.09,16.86,15.39,22.55,48.64,62.56,38.51,44.59,41.09,66.64,67.25,66.22,24.62
sticklim_e0_d1_s44,48.39,49.59,46.90,0.241,68.98,74.57,80.23,76.04,59.77,43.16,16.19,38.54,49.95,36.26,51.97,48.64,70.05,38.27,52.46,48.48,35.41,30.28,25.89,42.37,59.34,31.91,35.06,40.26,63.00,51.07,58.94,27.71
stick_e0_d0_s44,48.29,50.19,46.97,0.348,75.33,78.32,81.83,86.57,62.18,31.04,12.29,28.84,33.57,16.22,59.74,51.71,71.43,31.50,54.02,53.71,26.72,30.45,20.04,47.92,61.20,38.98,39.43,42.68,67.08,64.65,61.56,23.18
lim_e0_d0_s43,48.22,49.27,46.96,0.228,64.31,65.48,68.53,67.96,59.45,49.55,24.76,44.68,49.55,36.52,49.73,48.51,62.15,39.76,50.80,46.11,34.61,31.58,26.09,46.35,58.90,31.41,38.04,39.99,62.67,59.04,57.96,35.58
stick_e0_d1_s42,47.73,49.66,46.13,0.319,82.04,82.67,88.18,75.43,52.72,29.39,8.25,24.72,33.91,22.66,56.60,39.14,71.85,35.40,57.03,54.65,24.17,17.56,20.69,46.94,58.26,43.46,42.80,47.98,69.26,64.99,62.46,23.30
stick_e0_d1_s43,47.50,49.36,46.11,0.270,78.76,86.89,90.32,83.31,54.50,27.15,7.78,20.26,35.11,22.72,56.82,47.84,71.24,34.01,48.82,47.09,13.48,8.90,16.93,49.49,62.19,49.51,48.96,52.50,70.15,63.04,60.05,22.21
stick_e0_d1_s44,47.28,49.38,45.86,0.320,81.33,86.04,88.99,87.11,53.93,28.84,9.85,21.51,33.38,21.61,57.17,44.53,67.18,33.71,51.38,44.94,24.67,22.25,19.89,44.84,56.74,37.46,40.97,47.60,69.78,64.50,63.12,20.52
sticklim_e0_d1_s43,47.27,48.64,45.84,0.274,69.89,75.30,78.76,73.81,60.43,43.96,18.84,39.32,50.94,35.15,45.85,45.29,63.61,33.56,49.39,48.40,32.03,22.35,21.32,41.64,63.22,25.93,29.91,37.15,67.76,57.12,66.11,26.49
lim_e0_d0_s42,47.18,48.34,46.07,0.203,64.77,66.85,67.65,67.44,56.32,44.41,25.90,42.07,43.53,33.17,49.90,47.49,59.96,40.90,48.66,45.48,32.84,32.56,26.49,44.16,57.98,34.38,38.63,39.27,60.53,56.41,58.34,34.87
mine_e5_d1_s44,46.77,48.40,45.27,0.455,76.78,81.85,73.65,60.58,55.13,37.27,18.80,34.83,39.23,20.26,41.07,40.42,63.69,33.41,49.77,56.81,38.74,30.76,29.51,35.86,59.91,30.43,38.98,36.95,69.07,58.93,66.96,29.92
mine_e5_d0_s42,46.68,48.15,44.74,0.401,82.91,85.51,78.78,17.14,56.82,35.31,16.44,32.59,29.82,6.10,53.34,44.04,70.41,34.33,58.51,58.33,41.48,30.02,26.14,49.08,60.70,40.73,34.90,44.46,68.96,65.83,60.09,24.25
lim_e0_d1_s44,46.67,47.10,45.46,0.164,63.34,67.09,61.49,53.33,56.20,48.16,27.33,44.79,51.80,36.91,46.88,48.11,58.81,34.60,45.26,46.19,27.93,28.59,26.19,46.99,58.06,41.95,44.08,45.60,59.65,45.63,57.56,34.17
sticklim_e0_d0_s42,46.24,47.92,44.42,0.388,73.47,73.20,74.60,74.15,64.22,44.72,21.41,41.57,40.07,26.84,47.37,44.63,65.86,29.93,44.69,46.49,29.62,22.89,23.23,38.08,60.78,26.18,27.15,29.90,68.21,63.33,61.96,30.09
stick_e0_d0+recovery_s44,46.20,47.70,44.82,0.271,70.83,74.00,75.61,78.41,56.91,34.57,13.41,32.02,34.03,19.18,57.36,46.76,67.62,38.84,50.17,49.13,30.75,28.91,21.79,45.36,54.25,36.44,39.99,41.16,63.05,50.28,56.53,26.14
all_e5_d0_s42,46.08,46.95,44.73,0.466,69.86,68.09,68.66,48.15,60.85,43.68,27.15,42.57,43.10,23.74,43.11,42.57,58.45,28.16,46.46,45.24,39.32,33.86,34.28,34.64,65.16,32.77,33.32,38.17,72.36,50.42,66.17,30.01
lim_e0_d1_s43,45.83,46.52,44.66,0.228,62.70,62.93,67.16,74.52,54.01,43.33,17.31,39.84,48.84,39.11,52.22,48.28,60.81,29.01,42.10,47.00,28.23,26.18,22.69,45.37,56.91,40.17,40.58,46.00,58.77,42.99,57.16,29.14
all_e5_d1_s42,45.58,46.37,44.10,0.491,63.05,55.80,56.70,58.55,59.03,47.86,30.76,42.59,52.00,30.92,43.27,42.40,62.95,34.09,45.42,45.17,36.71,34.37,30.85,38.38,56.68,32.45,35.55,32.49,62.42,55.85,55.47,34.57
stick_e0_d0_s42,45.10,47.05,43.48,0.314,73.65,79.93,83.16,75.62,51.18,29.40,10.72,25.72,30.25,16.04,59.85,44.13,72.73,29.98,51.26,50.78,23.17,24.14,20.86,46.76,52.33,33.76,35.90,43.21,60.78,57.49,54.51,25.53
flat_e5_d0_s43,45.04,49.83,42.11,0.331,176.32,178.99,168.37,105.27,19.92,5.43,5.06,6.89,6.07,7.21,32.53,19.27,26.59,6.35,33.24,31.43,10.64,9.70,11.36,29.00,24.87,46.22,45.44,42.52,55.66,99.22,48.33,9.23
mine_e0_d1_s43,44.87,46.45,43.42,0.361,71.67,78.59,79.09,57.32,51.21,35.08,16.97,30.69,37.23,22.19,44.23,34.36,64.22,28.82,50.94,50.88,36.72,31.76,26.61,37.00,54.41,31.43,36.03,37.80,63.97,57.22,64.81,25.18
all_e5_d1_s44,44.85,45.89,43.49,0.487,69.07,71.04,67.70,47.60,59.26,42.78,20.82,41.67,52.02,24.08,43.26,41.45,56.61,31.25,38.83,42.76,39.42,30.84,26.47,33.98,62.56,29.40,30.94,39.30,66.23,56.21,62.57,27.69
mine_e0_d0_s42,44.80,46.45,42.87,0.363,82.64,85.19,83.28,50.16,49.61,33.22,16.25,29.36,32.62,20.56,39.87,30.58,66.86,29.97,47.61,48.47,38.30,28.77,26.13,35.82,57.43,34.50,32.12,40.80,68.86,60.43,64.60,20.46
stick_e0_d0+recovery_s43,44.70,46.41,43.27,0.277,68.48,76.90,84.02,81.19,49.51,31.58,9.26,26.29,35.61,28.06,52.88,44.08,69.75,33.52,50.35,52.21,19.40,18.52,19.48,42.38,54.96,35.80,34.26,42.82,58.28,54.12,58.46,19.39
ref_lim_e4,44.61,45.77,43.32,0.431,66.71,69.73,73.41,63.52,52.83,38.40,18.98,34.48,42.87,27.93,39.15,35.34,61.08,28.28,51.65,47.62,42.45,34.59,30.87,37.67,56.76,28.18,31.16,34.22,62.75,54.73,61.57,22.22
all_e5_d0_s43,44.39,45.39,42.72,0.494,68.04,68.59,69.33,43.43,57.91,43.07,25.02,40.79,39.37,18.66,41.16,39.69,63.62,29.01,44.78,47.51,39.03,31.04,32.81,37.15,62.00,28.90,33.00,35.75,62.23,51.08,65.26,24.56
stick_e0_d0_s43,44.28,46.01,42.67,0.383,70.69,71.73,79.20,80.70,54.74,31.65,10.66,26.41,34.07,21.18,56.97,49.10,70.76,32.57,47.14,43.08,20.27,19.90,18.27,45.24,50.99,36.16,36.03,43.58,58.06,53.63,53.13,24.06
lim_e0_d1_s42,44.02,44.85,43.03,0.226,58.33,63.49,67.10,68.38,55.21,43.17,20.76,38.85,48.73,36.23,43.46,43.93,55.34,28.80,40.66,38.87,33.72,29.18,25.27,37.43,53.98,32.17,35.37,41.45,58.61,50.01,55.50,28.49
stick_e0_d0+recovery_s42,43.70,45.40,42.21,0.335,68.76,70.84,77.86,70.73,50.96,29.73,10.20,24.88,34.05,19.28,59.99,46.62,69.80,32.76,48.92,43.13,17.95,17.24,17.49,46.13,53.22,38.94,40.60,43.05,57.18,54.06,56.18,23.02
sticklim_e0_d0_s44,43.35,44.87,41.59,0.418,70.54,72.37,76.20,69.66,54.17,41.81,23.70,37.86,36.85,30.39,36.23,38.55,61.76,29.40,38.96,40.49,31.13,23.42,23.55,30.09,60.58,23.15,24.80,28.96,66.80,55.80,58.77,27.92
flat_e5_d1_s42,43.11,47.37,40.01,0.415,170.30,206.35,183.02,78.66,19.58,5.70,4.55,5.68,5.33,6.35,35.61,20.97,30.86,4.61,37.10,35.33,9.88,8.37,11.32,24.73,18.91,41.13,34.23,39.27,56.53,84.97,17.53,10.17
flat_e5_d1_s43,42.08,46.22,39.34,0.315,165.83,186.47,178.75,102.33,12.17,6.77,5.29,7.24,6.61,7.97,30.82,11.08,22.08,3.95,31.65,28.99,9.53,7.38,8.30,25.48,18.74,42.84,38.32,43.79,58.22,93.59,16.44,7.62
all_e0_d0_s42,40.87,42.17,39.27,0.361,69.03,74.37,75.97,67.59,50.07,36.07,19.51,34.34,35.52,19.81,35.95,34.51,57.68,27.24,40.19,39.60,29.19,26.56,24.94,30.91,53.86,23.94,24.97,31.48,60.75,48.40,51.69,20.35
sticklim_e0_d0_s43,40.47,41.76,38.79,0.529,67.87,60.51,63.15,59.58,49.12,36.04,21.63,35.87,31.85,28.24,36.86,35.01,59.64,26.42,40.05,41.99,28.11,27.23,22.38,30.42,58.54,23.38,27.53,27.27,60.93,51.30,58.69,23.65
all_e0_d0_s44,40.41,42.03,38.86,0.469,65.32,62.82,68.02,66.33,49.70,38.05,19.14,32.22,36.25,22.05,33.52,34.92,56.76,25.72,43.97,44.15,32.89,31.13,23.23,26.34,55.07,18.83,19.94,22.42,63.25,54.15,60.15,25.26
mine_e5_d1_s43,40.29,41.64,39.22,0.535,56.51,63.18,74.94,62.75,50.03,34.42,16.43,30.96,33.99,16.68,36.53,34.82,56.61,28.62,44.65,48.17,34.18,33.83,31.10,28.73,52.16,22.16,23.42,29.68,58.09,48.69,55.04,21.81
all_e0_d1_s44,39.19,40.37,37.54,0.503,62.41,54.66,59.73,70.74,52.92,38.54,22.71,36.22,40.97,33.23,32.86,34.83,57.90,23.09,33.97,38.91,32.10,26.89,23.60,27.44,48.04,18.17,21.24,22.36,57.32,46.84,51.61,28.09
flat_e5_d1_s44,38.42,41.91,35.25,0.339,158.59,178.54,165.21,94.07,15.69,5.90,4.65,6.08,4.88,3.66,34.74,13.19,29.97,1.34,28.31,24.87,8.41,8.41,9.93,19.20,12.38,43.48,35.33,42.45,47.17,65.01,6.16,8.01
mine_e0_d0_s44,38.30,39.96,36.66,0.441,72.92,69.05,62.24,46.86,42.47,27.73,17.83,27.49,22.26,10.05,39.01,31.74,55.22,28.55,49.37,46.55,33.32,26.73,23.57,30.87,48.36,20.99,24.85,26.74,60.02,53.90,50.56,23.15
mine_e5_d0_s44,38.22,39.36,36.53,0.602,58.53,57.36,52.79,32.24,49.98,36.53,20.93,32.65,31.70,11.57,37.02,36.08,61.87,25.32,41.90,45.95,34.18,30.34,28.04,30.27,54.83,22.11,23.96,29.38,54.86,47.83,55.63,26.41
flat_e5_d0_s44,38.20,42.68,35.25,0.424,167.09,168.29,155.62,102.89,12.43,4.99,4.43,5.12,4.03,4.42,28.82,15.82,16.39,2.08,23.92,25.89,8.60,9.45,8.98,19.74,9.07,37.89,32.45,34.01,44.47,94.09,20.31,8.45
all_e0_d1_s42,38.00,38.81,36.74,0.520,49.33,48.55,51.62,49.87,49.27,39.58,20.24,34.56,39.93,25.76,39.19,41.12,56.67,30.42,38.00,44.15,34.62,28.24,26.09,30.28,46.65,23.93,23.06,26.27,51.21,39.93,47.40,28.11
all_e5_d0_s44,37.15,37.66,36.00,0.584,43.69,47.95,46.58,27.85,44.76,42.24,30.51,39.05,32.93,17.59,37.23,37.32,54.46,34.03,45.39,38.49,38.25,33.60,33.77,35.21,46.39,21.19,26.11,27.51,45.11,37.70,47.38,28.02
mine_e5_d1_s42,36.75,37.72,35.55,0.578,53.25,56.99,56.29,47.76,48.18,33.59,20.90,31.80,28.36,13.29,33.98,34.90,53.46,25.90,38.01,40.38,37.48,29.91,30.75,31.61,43.79,24.25,22.53,28.47,50.70,39.41,49.86,23.22
mine_e0_d1_s44,36.15,38.00,34.62,0.550,62.73,68.88,70.08,69.25,43.01,28.89,18.17,27.69,27.19,13.14,29.92,28.24,55.03,21.80,43.12,34.95,24.71,23.53,21.86,24.16,43.97,16.25,18.46,23.73,50.24,50.62,52.44,20.06
mine_e5_d0_s43,36.13,36.87,35.18,0.672,44.60,46.91,46.25,39.56,50.39,32.92,22.27,34.40,31.60,15.31,32.46,39.86,54.65,26.35,41.26,42.40,35.21,29.93,32.15,33.98,45.16,20.42,23.44,27.40,48.63,38.77,47.18,28.21
mine_e0_d0_s43,34.28,35.61,32.43,0.470,69.12,69.31,62.97,30.44,41.30,27.31,12.45,22.22,23.64,11.87,25.51,22.77,52.83,21.42,35.39,36.28,28.09,22.83,25.66,26.60,48.45,19.65,24.85,26.87,57.05,46.06,56.72,12.27
flat_e0_d1_s42,34.20,37.98,31.28,0.365,155.35,174.98,148.71,72.95,9.78,4.98,4.58,5.44,4.00,3.21,27.37,13.69,15.37,0.75,23.25,30.03,9.13,8.33,8.87,15.11,7.14,33.64,29.47,27.98,34.15,71.99,8.17,9.17
flat_e0_d1_s43,33.96,37.66,31.29,0.278,146.32,160.26,151.17,92.62,7.93,4.92,4.12,5.62,4.71,3.18,26.78,7.38,17.43,1.99,12.66,11.30,7.33,6.76,8.06,18.66,5.56,40.28,36.29,35.81,40.32,77.11,9.10,7.33
mine_e0_d1_s42,33.69,34.88,32.37,0.593,55.59,50.52,48.09,54.44,40.89,29.85,14.65,28.85,30.47,19.68,26.22,25.72,48.54,23.72,35.23,33.56,29.02,27.17,26.67,22.65,45.65,20.53,19.31,20.66,49.88,45.41,50.21,20.09
flat_e0_d0_s44,33.42,36.81,30.85,0.517,142.65,139.63,129.92,67.47,12.39,4.78,4.22,5.13,4.56,4.30,32.59,17.55,17.14,0.89,25.28,31.37,9.57,10.07,8.61,15.98,9.60,39.90,29.36,36.72,37.65,81.54,7.62,9.38
all_e0_d0_s43,33.25,34.33,31.86,0.586,51.63,49.74,51.17,59.27,46.71,34.07,20.13,33.54,33.32,18.64,25.48,25.06,48.81,23.82,33.88,32.89,25.51,22.52,22.37,23.93,43.68,14.11,13.93,18.25,48.45,42.92,44.70,22.38
flat_e0_d1_s44,32.56,36.50,30.09,0.542,138.03,145.37,137.42,89.91,11.35,4.64,4.16,5.19,3.81,3.67,28.93,16.39,16.77,0.45,19.18,26.99,6.88,7.55,7.52,15.51,8.93,31.44,23.70,27.54,28.22,77.57,15.57,8.91
all_e0_d1_s43,32.33,32.72,31.44,0.652,35.33,27.35,32.24,51.05,42.54,34.22,21.41,34.24,33.42,26.81,27.01,31.48,49.90,29.71,35.82,38.80,27.00,26.60,26.13,27.75,45.72,19.24,19.48,20.74,41.69,33.25,42.89,23.54
flat_e0_d0_s42,31.14,34.39,28.24,0.423,140.05,138.98,117.42,36.59,12.80,4.27,4.77,4.46,4.13,3.51,27.93,15.71,21.66,1.39,22.75,33.64,8.34,8.81,8.18,16.80,10.25,36.17,30.69,32.69,30.36,72.63,17.91,9.13
flat_e5_d0_s42,30.68,34.40,26.77,0.426,172.28,150.99,114.92,58.26,9.03,4.27,4.21,4.86,4.10,3.45,25.67,12.73,13.32,0.68,17.93,14.00,7.97,8.32,7.26,11.75,8.57,31.20,28.30,24.90,26.35,74.70,12.12,6.91
flat_e0_d0_s43,25.82,29.42,23.17,0.503,132.58,131.05,117.81,65.04,6.41,3.69,3.23,4.05,3.41,3.07,16.62,9.49,7.27,0.68,9.02,15.67,5.81,6.26,5.86,9.53,4.60,21.80,16.30,17.97,18.14,69.96,10.50,7.00
ref_stick_flat,24.98,27.79,22.20,0.601,122.73,110.78,92.19,48.37,12.97,4.23,2.97,3.91,3.81,3.66,25.64,17.59,17.36,0.17,10.98,21.65,6.41,8.47,8.20,12.58,8.32,25.82,19.35,21.61,16.96,48.87,15.27,8.50
ref_lim_e0,21.64,24.08,18.93,0.589,121.46,108.29,85.91,47.31,5.93,3.49,2.36,3.53,2.43,2.62,13.89,9.70,7.79,0.24,9.15,18.03,4.58,4.77,5.38,9.25,4.44,26.75,21.61,19.26,12.49,43.58,5.25,6.50
