run,task,seed,entropy_coef,iterations,transitions,train_seconds,final_sha256,direct_read_sha_match,init_sha256,final_iter,action_std
v28s1_all_e0_d0_s42,Week03-Ant-Combo-v28-All-D0-Stock,42,0.0,1000,131072000,533.7,4e96f6faea63f8a5114986c3396258a96999975a2ac00484fca6a722800ee020,True,,999,0.040 0.019 0.040 0.027 0.097 0.082 0.099 0.029
v28s1_all_e0_d0_s43,Week03-Ant-Combo-v28-All-D0-Stock,43,0.0,1000,131072000,543.6,d1181daa329541e808fbe1a0516cde43a3ce95a8066ee440a4e6c28dd87dfb34,True,,999,0.078 0.063 0.056 0.052 0.073 0.084 0.062 0.068
v28s1_all_e0_d0_s44,Week03-Ant-Combo-v28-All-D0-Stock,44,0.0,1000,131072000,542.7,1622cc80e9818dd4dc98652fb271a2d7b654921d4bcd7531e2f8253e3ce5b64c,True,,999,0.073 0.045 0.059 0.042 0.068 0.054 0.069 0.050
v28s1_all_e0_d1_s42,Week03-Ant-Combo-v28-All-D1-Stock,42,0.0,1000,131072000,546.8,98a807c634e00422d9e19171eab7f3edb203f48404086ecb5b5a7540551efad5,True,,999,0.064 0.072 0.057 0.068 0.061 0.076 0.081 0.091
v28s1_all_e0_d1_s43,Week03-Ant-Combo-v28-All-D1-Stock,43,0.0,1000,131072000,541.2,4ce6f7a28bc72560f35c07035db1e4a37cb41634ab564cceea4df2f0510408ee,True,,999,0.042 0.044 0.046 0.041 0.051 0.134 0.067 0.109
v28s1_all_e0_d1_s44,Week03-Ant-Combo-v28-All-D1-Stock,44,0.0,1000,131072000,553.4,9e9d2248d7dadc2b03228cc38418f0a69a7a6fe972479345d39d84b0d6f13bc8,True,,999,0.068 0.071 0.072 0.067 0.094 0.087 0.063 0.083
v28s1_all_e5_d0_s42,Week03-Ant-Combo-v28-All-D0-Stock,42,0.005,1000,131072000,521.0,0e1dbffd2e99706c6558f621ecb986a75a59f490bd595d9a0d6f38c6dfc93c1c,True,,999,0.351 0.316 0.479 0.286 0.742 0.298 0.566 0.326
v28s1_all_e5_d0_s43,Week03-Ant-Combo-v28-All-D0-Stock,43,0.005,1000,131072000,523.8,8c0bdea5a6ffebea2b662a028b76f18d566d09c4f8f286adc94cdc7ea78b43f9,True,,999,0.458 0.357 0.364 0.318 0.522 0.370 0.620 0.339
v28s1_all_e5_d0_s44,Week03-Ant-Combo-v28-All-D0-Stock,44,0.005,1000,131072000,510.1,d771e773873221a834ee220f2410b4261addcf7db04ee5944d326abbed557a46,True,,999,0.400 0.447 0.432 0.407 0.459 0.553 0.575 0.439
v28s1_all_e5_d1_s42,Week03-Ant-Combo-v28-All-D1-Stock,42,0.005,1000,131072000,536.2,8b7afc4125df0fb923719e326b5eefe5e9aa93d8cf8fa144bad05ef20aabefb0,True,,999,0.388 0.401 0.393 0.425 0.549 0.386 0.391 0.538
v28s1_all_e5_d1_s43,Week03-Ant-Combo-v28-All-D1-Stock,43,0.005,1000,131072000,524.8,69450ee727e46084cd482397bbc6f3fd16bc5a13e0b1aa0d5d662c9ac2215890,True,,999,0.300 0.427 0.358 0.401 0.338 0.397 0.436 0.855
v28s1_all_e5_d1_s44,Week03-Ant-Combo-v28-All-D1-Stock,44,0.005,1000,131072000,540.1,fd66c22fdfd88c419b03e7a63f5ace6593c4df91f09f8264a4e9d0f673ce63ab,True,,999,0.350 0.400 0.365 0.390 0.404 0.591 0.361 0.606
v28s1_flat_e5_d0_s42,Week03-Ant-Combo-v28-Flat-D0-Stock,42,0.005,1000,131072000,353.6,472590c91185aab413f2482b5b290236fc3c08ef25e5e0a557a519ec413c7222,True,,999,0.096 0.123 0.118 0.238 0.096 0.515 0.054 0.379
v28s1_flat_e5_d0_s43,Week03-Ant-Combo-v28-Flat-D0-Stock,43,0.005,1000,131072000,354.7,c155846f1e2dd628f8d831c7914653632a2ede3b4a2b58c30514da8eed11ef27,True,,999,0.444 0.154 0.157 0.109 0.662 0.092 0.493 0.069
v28s1_flat_e5_d0_s44,Week03-Ant-Combo-v28-Flat-D0-Stock,44,0.005,1000,131072000,354.9,a74a2607de3e4197fe5d6d95649cfb15663f80867849a511a5abeee41fc78738,True,,999,0.369 0.175 0.153 0.099 0.526 0.136 0.296 0.050
v28s1_flat_e5_d1_s42,Week03-Ant-Combo-v28-Flat-D1-Stock,42,0.005,1000,131072000,366.6,dd050a57d63988015a86b559be61b52478bec84e752e5b0c4615f413567f616f,True,,999,0.158 0.240 0.213 0.237 0.152 0.247 0.239 0.542
v28s1_flat_e5_d1_s43,Week03-Ant-Combo-v28-Flat-D1-Stock,43,0.005,1000,131072000,366.8,23554551974171a2d6beaefc9ba6fd731adba21cc7d6a3fb4cb6b6c5b907c527,True,,999,0.191 0.196 0.183 0.119 0.419 0.240 0.329 0.091
v28s1_flat_e5_d1_s44,Week03-Ant-Combo-v28-Flat-D1-Stock,44,0.005,1000,131072000,369.2,022ba93759af4c31daa27d4f5236cb458dd39a06225a4717759c7b92adfed25b,True,,999,0.147 0.168 0.369 0.090 0.524 0.158 0.506 0.189
v28s1_lim_e0_d0_s42,Week03-Ant-Combo-v28-Lim-D0-Stock,42,0.0,1000,131072000,426.0,201ad7809cd5930fa236d81ccebf76ea508688b4b36a799cc88d0cefbe6f7a52,True,,999,0.040 0.047 0.042 0.047 0.051 0.047 0.049 0.061
v28s1_lim_e0_d0_s43,Week03-Ant-Combo-v28-Lim-D0-Stock,43,0.0,1000,131072000,424.0,28fc978580dbc8b0cc39deb706f262e0382f711a6a3bd1746b28997d99220593,True,,999,0.051 0.065 0.059 0.050 0.064 0.054 0.062 0.091
v28s1_lim_e0_d0_s44,Week03-Ant-Combo-v28-Lim-D0-Stock,44,0.0,1000,131072000,420.4,9e260205ceda6a875ceaccb23bde801095d858b3087ae6775cf4b80476c0a819,True,,999,0.069 0.066 0.069 0.057 0.095 0.069 0.080 0.075
v28s1_lim_e0_d1_s42,Week03-Ant-Combo-v28-Lim-D1-Stock,42,0.0,1000,131072000,433.2,8cdab672fb3f3bb51219eaf30af581dd61c509aa6383b1daa6094bd68535ff0b,True,,999,0.024 0.035 0.030 0.038 0.041 0.115 0.031 0.062
v28s1_lim_e0_d1_s43,Week03-Ant-Combo-v28-Lim-D1-Stock,43,0.0,1000,131072000,435.4,472242a85b26bd5f17e8e4c60621925fd27cfa17e964cb5fec443edb0e8dc48d,True,,999,0.039 0.048 0.051 0.050 0.061 0.067 0.050 0.080
v28s1_lim_e0_d1_s44,Week03-Ant-Combo-v28-Lim-D1-Stock,44,0.0,1000,131072000,433.4,9d267fcfa064c63d93ab0b3932da9b342c5350ae49df8cf8c5405c4789e78664,True,,999,0.028 0.059 0.028 0.045 0.052 0.064 0.027 0.098
v28s1_lim_e5_d0_s42,Week03-Ant-Combo-v28-Lim-D0-Stock,42,0.005,1000,131072000,418.9,2d06d139097dbe53db4a9a19ba44ac5d743c845dfec842023aa9eb0ad2c04076,True,,999,0.265 0.324 0.248 0.326 0.359 0.251 0.222 0.577
v28s1_lim_e5_d0_s43,Week03-Ant-Combo-v28-Lim-D0-Stock,43,0.005,1000,131072000,418.6,2d34f61ede0beeba4d1ae84b6f30b51d7ecb4160f27bb9159fd34954c60e2090,True,,999,0.259 0.311 0.255 0.357 0.307 0.418 0.241 0.577
v28s1_lim_e5_d0_s44,Week03-Ant-Combo-v28-Lim-D0-Stock,44,0.005,1000,131072000,419.8,020ec0a34e7b35397dc6f8b7607acae7d72db33676f5744e331a3b0e4620a0c5,True,,999,0.358 0.337 0.345 0.341 0.468 0.319 0.315 0.512
v28s1_lim_e5_d1_s42,Week03-Ant-Combo-v28-Lim-D1-Stock,42,0.005,1000,131072000,432.3,3fc54530ebd243d4cbfa2f77155141ef60ede78594d8e25808b4859265212740,True,,999,0.279 0.317 0.267 0.325 0.368 0.346 0.306 0.610
v28s1_lim_e5_d1_s43,Week03-Ant-Combo-v28-Lim-D1-Stock,43,0.005,1000,131072000,429.2,7b641e8c4e6f2087c1e9321ae5b5d1a75833799ac72451671d395ea0aa737a64,True,,999,0.259 0.303 0.276 0.281 0.360 0.295 0.251 0.657
v28s1_lim_e5_d1_s44,Week03-Ant-Combo-v28-Lim-D1-Stock,44,0.005,1000,131072000,432.5,d1744dc5b54ec67a2defb6d05a07cae9cb2935b090e84bf9d606f8ca165841ce,True,,999,0.246 0.300 0.239 0.287 0.281 0.328 0.205 0.388
v28s1_mine_e0_d0_s42,Week03-Ant-Combo-v28-Mine-D0-Stock,42,0.0,1000,131072000,547.5,39958987e91fce950e717f779403df05b0e6e1488f5563251115bc2fd085b22c,True,,999,0.033 0.038 0.037 0.054 0.040 0.165 0.065 0.122
v28s1_mine_e0_d0_s43,Week03-Ant-Combo-v28-Mine-D0-Stock,43,0.0,1000,131072000,552.2,69fc7aff124accb8c3b49d593773a43183beb1959f5efeb65493e5c5afc0fc63,True,,999,0.052 0.022 0.065 0.030 0.132 0.036 0.212 0.020
v28s1_mine_e0_d0_s44,Week03-Ant-Combo-v28-Mine-D0-Stock,44,0.0,1000,131072000,567.0,0a0c81b5501b68a092fc1346b3624ebf7eb5da9dc689c48d06dc1c77fb75d933,True,,999,0.118 0.073 0.071 0.056 0.065 0.083 0.086 0.066
v28s1_mine_e0_d1_s42,Week03-Ant-Combo-v28-Mine-D1-Stock,42,0.0,1000,131072000,561.2,a6cb91b545ca29213d52aa29f4d66e9484e933ba71ec63f46eb88cb0399e374b,True,,999,0.031 0.078 0.042 0.040 0.076 0.114 0.041 0.089
v28s1_mine_e0_d1_s43,Week03-Ant-Combo-v28-Mine-D1-Stock,43,0.0,1000,131072000,555.3,3c8505bedabe5094e636fd243ec3628481af542e3b0f58b7d1020d2c5406f1c0,True,,999,0.027 0.075 0.029 0.032 0.024 0.185 0.046 0.170
v28s1_mine_e0_d1_s44,Week03-Ant-Combo-v28-Mine-D1-Stock,44,0.0,1000,131072000,576.8,8abc3c20ec3ff2e9838e333981efc2d4f9e2aee4c701082a4d325d40e95f1cfc,True,,999,0.059 0.073 0.069 0.060 0.067 0.074 0.088 0.069
v28s1_mine_e5_d0_s42,Week03-Ant-Combo-v28-Mine-D0-Stock,42,0.005,1000,131072000,554.8,4d256e93bb6e27872e62fbde317856bec72b332c72ceab0c99d6eeb0a81db29f,True,,999,0.296 0.351 0.336 0.503 0.296 0.608 0.404 0.592
v28s1_mine_e5_d0_s43,Week03-Ant-Combo-v28-Mine-D0-Stock,43,0.005,1000,131072000,556.5,737a1543bd055b261ff96089f0c97b338ffb676f4dbe0407c57fdbe4464d9180,True,,999,0.413 0.374 0.360 0.351 0.637 0.394 0.616 0.365
v28s1_mine_e5_d0_s44,Week03-Ant-Combo-v28-Mine-D0-Stock,44,0.005,1000,131072000,553.4,c9dade2676df5578936f99c19147196b1c0d445e287980f8ab757b1f918422c2,True,,999,0.391 0.404 0.385 0.369 0.650 0.453 0.447 0.363
v28s1_mine_e5_d1_s42,Week03-Ant-Combo-v28-Mine-D1-Stock,42,0.005,1000,131072000,569.7,510d19f08a8b172991b9586aec8f64b35b01c18506289c6bbb522d7e9f22e755,True,,999,0.403 0.391 0.351 0.351 0.583 0.386 0.595 0.371
v28s1_mine_e5_d1_s43,Week03-Ant-Combo-v28-Mine-D1-Stock,43,0.005,1000,131072000,558.6,f0d6e3a60a65106908a4322085970da903666e93afeff7c966b0805042e44e32,True,,999,0.314 0.632 0.284 0.481 0.345 0.668 0.309 0.792
v28s1_mine_e5_d1_s44,Week03-Ant-Combo-v28-Mine-D1-Stock,44,0.005,1000,131072000,561.3,aca3356d14c1496b2c6002c78f9a3642e7814f4cce6d97604e561d968f9ccaa0,True,,999,0.321 0.503 0.316 0.401 0.425 0.422 0.259 0.810
v28s1_stick_e0_d0_s42,Week03-Ant-Combo-v28-Stick-D0-Stock,42,0.0,1000,131072000,459.4,2a1c59cb432800bd1fd0758acd44054e90ed698bb2562ace0a27258072bfd72f,True,,999,0.019 0.094 0.032 0.034 0.041 0.089 0.029 0.096
v28s1_stick_e0_d0_s43,Week03-Ant-Combo-v28-Stick-D0-Stock,43,0.0,1000,131072000,459.6,84f5b4e57787a6cc9cfe8fc80d800bd677b0f15fff4f06508f8b20fc5be57b32,True,,999,0.037 0.060 0.035 0.042 0.058 0.099 0.037 0.075
v28s1_stick_e0_d0_s44,Week03-Ant-Combo-v28-Stick-D0-Stock,44,0.0,1000,131072000,457.8,89ce0467cd9230a0009b2563f180b9e9da7ce8d8bb3db39057f3c50794b49efa,True,,999,0.042 0.053 0.051 0.037 0.097 0.056 0.113 0.054
v28s1_stick_e0_d1_s42,Week03-Ant-Combo-v28-Stick-D1-Stock,42,0.0,1000,131072000,464.8,a8d961732a11c6b56d56c1477b5ae1c488fc17cfc8551db0491826a38f71b1ac,True,,999,0.032 0.063 0.038 0.051 0.077 0.075 0.036 0.082
v28s1_stick_e0_d1_s43,Week03-Ant-Combo-v28-Stick-D1-Stock,43,0.0,1000,131072000,466.0,d5aead01a366f2489e783c08b8d0316d747329fa6644ee1aa4e81522f9f12434,True,,999,0.040 0.084 0.048 0.046 0.055 0.137 0.038 0.103
v28s1_stick_e0_d1_s44,Week03-Ant-Combo-v28-Stick-D1-Stock,44,0.0,1000,131072000,471.9,30c242159d6f774d409e8cca548252dc59caa82d0a51e79438f926903c8bb622,True,,999,0.031 0.049 0.040 0.052 0.056 0.120 0.054 0.068
v28s1_stick_e5_d0_s42,Week03-Ant-Combo-v28-Stick-D0-Stock,42,0.005,1000,131072000,457.2,81042966e4c799f72b4789b55ffd8696b9826c58a5adf958527ee2de69524f6f,True,,999,0.372 0.324 0.303 0.291 0.626 0.276 0.314 0.325
v28s1_stick_e5_d0_s43,Week03-Ant-Combo-v28-Stick-D0-Stock,43,0.005,1000,131072000,455.3,c7c45db0f0aca6b1dd8efb937098abd3eea0730322f7c2b76cc0a6842c1d1941,True,,999,0.250 0.284 0.271 0.327 0.230 0.264 0.254 0.615
v28s1_stick_e5_d0_s44,Week03-Ant-Combo-v28-Stick-D0-Stock,44,0.005,1000,131072000,447.8,c2a3e524194b4e1957c25f8cdb3b3e4d46366ff7598f8a865637e1bb2ef1166c,True,,999,0.465 0.393 0.430 0.393 0.606 0.405 0.408 0.349
v28s1_stick_e5_d1_s42,Week03-Ant-Combo-v28-Stick-D1-Stock,42,0.005,1000,131072000,458.7,2a142aff8357b3d7487452da448b337b6b7faa235dd1cb98298d594dfddb1a66,True,,999,0.332 0.358 0.362 0.332 0.401 0.648 0.328 0.594
v28s1_stick_e5_d1_s43,Week03-Ant-Combo-v28-Stick-D1-Stock,43,0.005,1000,131072000,461.6,11285b5e9f720fbd46333cad3277157fe51672f7a4805db784a8b945d29d100e,True,,999,0.302 0.434 0.316 0.325 0.301 0.282 0.234 0.644
v28s1_stick_e5_d1_s44,Week03-Ant-Combo-v28-Stick-D1-Stock,44,0.005,1000,131072000,462.9,7502ab0040f36044401ec847fc784eedbe2eb8e1cc200fbde961b4991936a1d0,True,,999,0.301 0.321 0.323 0.304 0.243 0.526 0.278 0.546
v28s1_sticklim_e0_d0_s42,Week03-Ant-Combo-v28-Sticklim-D0-Stock,42,0.0,1000,131072000,453.5,d446cc246cc9cbe2db3496bbc11c3efe64fa356176a447378d732d57c9ae1913,True,,999,0.063 0.050 0.047 0.054 0.082 0.058 0.087 0.064
v28s1_sticklim_e0_d0_s43,Week03-Ant-Combo-v28-Sticklim-D0-Stock,43,0.0,1000,131072000,454.9,aaf6443e57ea3b5c4dd30f6e4c946579e33a123c0f590b4757cec8973cdeef09,True,,999,0.044 0.049 0.055 0.052 0.070 0.075 0.055 0.071
v28s1_sticklim_e0_d0_s44,Week03-Ant-Combo-v28-Sticklim-D0-Stock,44,0.0,1000,131072000,450.2,f7d511563deaaf589b9cc845b76652a7a905f7e7f3484c3af395bb542de11ab9,True,,999,0.079 0.062 0.070 0.062 0.084 0.076 0.079 0.076
v28s1_sticklim_e0_d1_s42,Week03-Ant-Combo-v28-Sticklim-D1-Stock,42,0.0,1000,131072000,459.7,dddac5a66a7ef26f3ffa6d1722fdb5c6896d8b992d77c0a977c1e23e32d0f460,True,,999,0.031 0.047 0.046 0.051 0.049 0.076 0.052 0.082
v28s1_sticklim_e0_d1_s43,Week03-Ant-Combo-v28-Sticklim-D1-Stock,43,0.0,1000,131072000,461.6,18e8f9ec780221535d0212b983a45eb0439adbee7bad7a9903ec70f8ce7fccb7,True,,999,0.022 0.044 0.037 0.058 0.049 0.118 0.029 0.131
v28s1_sticklim_e0_d1_s44,Week03-Ant-Combo-v28-Sticklim-D1-Stock,44,0.0,1000,131072000,462.1,bef99e8f262f4bafc59a9edf50856c824b681f3b3aa68e93fec8ef883b64a177,True,,999,0.025 0.038 0.039 0.044 0.042 0.043 0.040 0.133
v28s1_sticklim_e5_d0_s42,Week03-Ant-Combo-v28-Sticklim-D0-Stock,42,0.005,1000,131072000,445.3,e53b88a832ebd00d329d1fc2d04bb9f7bad0d32d04b8524707628cab5cb9c760,True,,999,0.275 0.322 0.294 0.357 0.279 0.383 0.381 0.659
v28s1_sticklim_e5_d0_s43,Week03-Ant-Combo-v28-Sticklim-D0-Stock,43,0.005,1000,131072000,447.0,3164a7c23ae5b99f6505344b13dd7fe2f10e37b0f116f433e88e7510ad6c2a91,True,,999,0.313 0.338 0.309 0.350 0.325 0.542 0.361 0.634
v28s1_sticklim_e5_d0_s44,Week03-Ant-Combo-v28-Sticklim-D0-Stock,44,0.005,1000,131072000,445.3,f42351e6fe4976feb02bad823302dc2f46386625abe2d26d306d1d8b9b524fb0,True,,999,0.323 0.318 0.331 0.381 0.311 0.501 0.358 0.653
v28s1_sticklim_e5_d1_s42,Week03-Ant-Combo-v28-Sticklim-D1-Stock,42,0.005,1000,131072000,457.3,73cf035731f4e2151abe8e95de7d7aaa8dd1989facf12096059a69f9c17d957a,True,,999,0.305 0.357 0.318 0.350 0.316 0.405 0.333 0.705
v28s1_sticklim_e5_d1_s43,Week03-Ant-Combo-v28-Sticklim-D1-Stock,43,0.005,1000,131072000,455.8,64f85f78aad4aaff9aae3991307d1a0f315cecd9977a41db814244608be5af4f,True,,999,0.299 0.343 0.326 0.394 0.291 0.696 0.357 0.523
v28s1_sticklim_e5_d1_s44,Week03-Ant-Combo-v28-Sticklim-D1-Stock,44,0.005,1000,131072000,457.1,79b5222b5c7ac5fb63689d141ecdcc14678568c5b01fa46a1b4d57c06e31d277,True,,999,0.270 0.375 0.283 0.332 0.367 0.353 0.246 0.631
v28s2_lim_e5_d0+stock_s42,Week03-Ant-Combo-v28-Lim-D0-Stock,42,0.005,600,78643200,245.0,a6922533d58d51d7a4fafd31192f5ca440312874655b342af24e90d97d8650f2,True,2d06d139097dbe53db4a9a19ba44ac5d743c845dfec842023aa9eb0ad2c04076,599,0.292 0.332 0.260 0.341 0.409 0.247 0.255 0.695
v28s2_lim_e5_d0+stock_s43,Week03-Ant-Combo-v28-Lim-D0-Stock,43,0.005,600,78643200,244.4,77f87361180fe6b9a8d970b919e975b810acd63197a2d5f4656118772b143a4b,True,2d34f61ede0beeba4d1ae84b6f30b51d7ecb4160f27bb9159fd34954c60e2090,599,0.305 0.351 0.288 0.379 0.328 0.422 0.277 0.695
v28s2_lim_e5_d0+stock_s44,Week03-Ant-Combo-v28-Lim-D0-Stock,44,0.005,600,78643200,243.8,e428506a9f5de18df2dda399a71fcf61f0ce76c982ff91e231295292ae2d26bf,True,020ec0a34e7b35397dc6f8b7607acae7d72db33676f5744e331a3b0e4620a0c5,599,0.378 0.385 0.367 0.369 0.571 0.320 0.315 0.595
v28s2_lim_e5_d1+recovery_s42,Week03-Ant-Combo-v28-Lim-D1-Recovery,42,0.005,600,78643200,258.3,54ed0c13f22c511ec7f09389b9a4637a4135fd152511a55d707ce2bcab557ed8,True,3fc54530ebd243d4cbfa2f77155141ef60ede78594d8e25808b4859265212740,599,0.324 0.352 0.323 0.366 0.443 0.329 0.339 0.768
v28s2_lim_e5_d1+recovery_s43,Week03-Ant-Combo-v28-Lim-D1-Recovery,43,0.005,600,78643200,257.9,f8b4d3e61fc11005d35250eda56e30fb11938216bf52a489f6e90323f0b15ff8,True,7b641e8c4e6f2087c1e9321ae5b5d1a75833799ac72451671d395ea0aa737a64,599,0.308 0.338 0.298 0.336 0.448 0.269 0.259 0.789
v28s2_lim_e5_d1+recovery_s44,Week03-Ant-Combo-v28-Lim-D1-Recovery,44,0.005,600,78643200,258.7,99a2f92a01d38eb0e97cb8e63befd93533978df8f6d91f68019fe44ebd6dddc0,True,d1744dc5b54ec67a2defb6d05a07cae9cb2935b090e84bf9d606f8ca165841ce,599,0.277 0.318 0.266 0.303 0.316 0.243 0.232 0.549
v28s2_lim_e5_d1+stock_s42,Week03-Ant-Combo-v28-Lim-D1-Stock,42,0.005,600,78643200,251.5,9ea60a2c6650cc3ec854d23f463a1e279b19d2514959761c96ef659e432e00f8,True,3fc54530ebd243d4cbfa2f77155141ef60ede78594d8e25808b4859265212740,599,0.324 0.346 0.310 0.364 0.386 0.325 0.338 0.784
v28s2_lim_e5_d1+stock_s43,Week03-Ant-Combo-v28-Lim-D1-Stock,43,0.005,600,78643200,250.2,900d06529528b5cb38967f65dfd90fd8449f5598d0c55b82b62f6c11939e3a7f,True,7b641e8c4e6f2087c1e9321ae5b5d1a75833799ac72451671d395ea0aa737a64,599,0.301 0.339 0.303 0.325 0.431 0.281 0.265 0.782
v28s2_lim_e5_d1+stock_s44,Week03-Ant-Combo-v28-Lim-D1-Stock,44,0.005,600,78643200,252.2,6f8aaf1b286218d0169aff64dc4983fc8db72c01454cccbde9b3d815cf9528ea,True,d1744dc5b54ec67a2defb6d05a07cae9cb2935b090e84bf9d606f8ca165841ce,599,0.259 0.336 0.268 0.309 0.320 0.258 0.236 0.556
v28s2_stick_e0_d0+recovery_s42,Week03-Ant-Combo-v28-Stick-D0-Recovery,42,0.0,600,78643200,276.3,d71fce3f3d984fb0d42cf223380ca81e95cfa8790ab63f82a1eaa61cb65e4fd7,True,2a1c59cb432800bd1fd0758acd44054e90ed698bb2562ace0a27258072bfd72f,599,0.008 0.075 0.022 0.025 0.033 0.061 0.020 0.081
v28s2_stick_e0_d0+recovery_s43,Week03-Ant-Combo-v28-Stick-D0-Recovery,43,0.0,600,78643200,275.0,571958d296878913b4726645166f9efce81adfd715e80f9f6d6c2301bba21680,True,84f5b4e57787a6cc9cfe8fc80d800bd677b0f15fff4f06508f8b20fc5be57b32,599,0.014 0.047 0.023 0.024 0.045 0.081 0.020 0.064
v28s2_stick_e0_d0+recovery_s44,Week03-Ant-Combo-v28-Stick-D0-Recovery,44,0.0,600,78643200,272.8,69d13e2a6f4955574a18b241be263564956841a3a6784ceb84cf489ad9a7f3c3,True,89ce0467cd9230a0009b2563f180b9e9da7ce8d8bb3db39057f3c50794b49efa,599,0.030 0.042 0.046 0.026 0.077 0.053 0.083 0.046
v28s2_sticklim_e5_d0+recovery_s42,Week03-Ant-Combo-v28-Sticklim-D0-Recovery,42,0.005,600,78643200,263.9,81a548a1a3fa977d9ce72b1d0bbacad0513e8e450814767913e001edd3b31ce6,True,e53b88a832ebd00d329d1fc2d04bb9f7bad0d32d04b8524707628cab5cb9c760,599,0.281 0.303 0.298 0.336 0.255 0.250 0.334 0.711
v28s2_sticklim_e5_d0+recovery_s43,Week03-Ant-Combo-v28-Sticklim-D0-Recovery,43,0.005,600,78643200,262.8,4a07dc9422317f0b35c43edb04956cb86d360e555ca0640e721d45c7dfddb941,True,3164a7c23ae5b99f6505344b13dd7fe2f10e37b0f116f433e88e7510ad6c2a91,599,0.299 0.350 0.307 0.364 0.315 0.669 0.443 0.783
v28s2_sticklim_e5_d0+recovery_s44,Week03-Ant-Combo-v28-Sticklim-D0-Recovery,44,0.005,600,78643200,263.7,cfaa7905697e618e62d7b28437b4501a684670d951cd64e922b09d41fc47c81d,True,f42351e6fe4976feb02bad823302dc2f46386625abe2d26d306d1d8b9b524fb0,599,0.312 0.342 0.331 0.381 0.310 0.491 0.453 0.826
v28s2_sticklim_e5_d0+stock_s42,Week03-Ant-Combo-v28-Sticklim-D0-Stock,42,0.005,600,78643200,256.5,6c39cb98188d55a326024256e14c49346d39de9440a9a5cfaf7f03ccaca278b5,True,e53b88a832ebd00d329d1fc2d04bb9f7bad0d32d04b8524707628cab5cb9c760,599,0.306 0.323 0.332 0.386 0.283 0.316 0.385 0.817
v28s2_sticklim_e5_d0+stock_s43,Week03-Ant-Combo-v28-Sticklim-D0-Stock,43,0.005,600,78643200,256.1,3801761006031b34a3a2591596557ff7d8c68e7c6ea4d87d785900b43eeb7338,True,3164a7c23ae5b99f6505344b13dd7fe2f10e37b0f116f433e88e7510ad6c2a91,599,0.325 0.333 0.317 0.361 0.313 0.481 0.450 0.783
v28s2_sticklim_e5_d0+stock_s44,Week03-Ant-Combo-v28-Sticklim-D0-Stock,44,0.005,600,78643200,256.1,a6e5823f8c4536ff011ceba943d4d4d8bd0fd45375845897e37ca6916590b73a,True,f42351e6fe4976feb02bad823302dc2f46386625abe2d26d306d1d8b9b524fb0,599,0.336 0.342 0.371 0.398 0.314 0.483 0.409 0.798
